device_serial,start_date,end_date,duration_time,duration_day,min_temp,max_temp,mean_temp,std_temp,min_humi,max_humi,mean_humi,std_humi,min_acc,max_acc,mean_acc,std_acc,q1_temp,q3_temp,temp_start,temp_end,q1_humi,q3_humi,humi_start,humi_end,q1_acc,q3_acc,acc_start,acc_end,ta_min,ta_max,ta_mean,ta_std,ta_q1,ta_q3,ws1_min,ws1_max,ws1_mean,ws1_std,ws1_q1,ws1_q3,ws10_min,ws10_max,ws10_mean,ws10_std,ws10_q1,ws10_q3,hm_min,hm_max,hm_mean,hm_std,hm_q1,hm_q3,alert_temp_sum,alert_humi_sum,alert_acc_sum,broken_yn
VC6M6002,2024-12-02 14:47:18,2024-12-11 23:37:18,224.83,9.00,1.80,21.00,9.36,11.57,48.00,80.00,67.81,5.29,1.00,1.40,1.02,0.05,6.90,11.70,-0.30,18.90,64.00,72.00,52.00,84.00,1.00,1.00,1.00,1.00,0.70,16.10,6.11,3.25,3.80,8.00,0.00,9.10,3.32,1.51,2.30,4.20,0.00,8.10,3.24,1.34,2.30,3.90,15.50,83.40,45.84,12.33,39.80,53.60,12,10,200,0
VC6M6003,2024-12-14 09:40:13,2025-01-23 23:50:13,974.17,40.00,-0.10,19.80,6.83,14.00,37.00,66.00,56.53,7.61,1.00,1.52,1.02,0.06,3.90,9.00,-3.75,16.65,49.00,62.00,29.50,81.50,1.00,1.01,0.98,1.02,-5.40,12.10,5.38,3.79,3.90,8.08,0.00,7.30,2.94,1.32,2.10,3.70,0.10,7.50,2.99,1.26,2.10,3.70,-99.20,100.00,42.83,19.78,36.10,48.05,24,0,148,1
VC6M6007,2024-12-09 11:00:46,2025-01-23 09:20:46,1078.33,44.00,-10.80,9.60,0.56,10.74,41.00,90.00,57.38,6.91,0.90,1.93,0.99,0.05,-1.30,2.70,-7.30,8.70,53.00,61.00,41.00,73.00,0.92,1.00,0.80,1.12,-15.20,10.00,-1.07,4.60,-3.90,2.40,0.00,7.40,1.89,1.26,1.00,2.60,0.00,7.20,1.89,1.16,1.10,2.50,23.40,93.80,67.88,16.22,55.10,81.00,102,126,8,1
VC6M6008,2024-11-29 20:12:20,2024-11-30 08:42:20,12.50,0.00,1.10,6.10,3.18,1.45,66.00,75.00,69.08,2.29,1.00,1.21,1.01,0.05,2.40,4.03,-0.04,6.46,67.00,71.00,61.00,77.00,1.00,1.00,1.00,1.00,0.80,4.40,2.92,1.11,2.30,3.70,0.00,3.10,1.49,1.04,0.22,2.40,0.00,4.20,1.42,1.18,0.38,2.00,67.30,97.30,82.79,9.39,75.20,89.00,0,0,4,0
VC6M600A,2024-12-01 03:08:46,2024-12-04 14:48:46,83.67,3.00,2.50,10.10,8.27,2.84,56.00,81.00,59.46,5.16,1.00,1.20,1.05,0.06,7.63,9.30,5.11,11.81,57.00,59.00,54.00,62.00,1.00,1.10,0.85,1.25,-1.50,6.90,3.81,1.37,3.00,4.90,0.00,7.60,3.39,1.69,2.30,4.60,0.00,6.60,3.50,1.62,2.30,4.70,29.60,96.70,56.66,22.22,37.50,79.00,6,9,0,0
VC6M600D,2024-12-03 01:45:16,2024-12-03 19:35:16,17.83,0.00,-0.80,5.20,0.97,2.68,57.00,68.00,64.33,2.11,1.20,1.42,1.23,0.07,-0.20,2.35,-4.02,6.17,63.75,65.25,61.50,67.50,1.20,1.20,1.20,1.20,-2.10,3.20,-0.36,1.20,-0.90,-0.15,0.30,1.80,1.04,0.48,0.60,1.33,0.50,1.80,1.35,0.45,0.90,1.70,38.30,76.70,54.84,12.00,43.60,60.10,0,3,7,0
VC6M6010,2024-11-22 10:05:37,2024-11-23 10:05:37,24.00,1.00,3.40,20.00,9.97,19.18,68.00,77.00,75.12,2.35,0.90,1.20,0.96,0.04,5.80,13.60,-5.90,25.30,75.00,77.00,72.00,80.00,0.94,0.97,0.89,1.02,-2.00,10.00,3.18,4.40,-0.60,8.20,0.00,5.10,1.97,1.30,1.00,2.60,0.00,3.70,1.99,1.13,1.30,2.90,40.90,86.30,67.60,17.19,47.20,83.60,0,19,6,0
VC6M6011,2024-12-03 13:45:35,2024-12-06 00:55:35,59.17,2.00,7.00,11.90,9.16,4.67,31.00,52.00,42.00,9.67,1.10,1.60,1.24,0.21,7.00,10.50,1.75,15.75,35.00,52.00,9.50,77.50,1.10,1.20,0.95,1.35,3.60,5.50,4.54,0.91,3.80,5.50,1.90,3.50,2.74,0.59,2.50,2.90,2.00,3.20,2.36,0.50,2.00,2.40,24.30,72.40,47.20,23.32,32.40,72.40,0,0,1,1
VC6M6014,2024-12-05 15:22:18,2024-12-18 08:02:18,304.67,12.00,-0.90,10.10,6.36,7.75,44.00,62.00,49.81,4.31,1.00,1.31,1.09,0.05,4.90,8.40,-0.35,13.65,47.00,52.00,39.50,59.50,1.10,1.11,1.08,1.12,-3.80,8.00,0.53,3.03,-1.60,2.40,0.00,5.20,2.83,1.32,1.50,3.80,0.00,5.30,2.73,1.20,1.40,3.30,-99.20,96.00,55.24,18.57,46.40,64.60,6,8,37,0
VC6M6015,2024-12-05 19:56:59,2024-12-06 19:36:59,23.67,0.00,0.30,6.70,3.37,4.24,55.00,69.00,62.97,3.49,1.00,1.40,1.03,0.08,1.20,5.53,-5.29,12.01,62.00,65.00,57.50,69.50,1.00,1.02,0.97,1.05,-99.90,5.50,0.85,11.14,-0.50,4.70,-99.90,4.60,0.51,10.91,0.38,2.90,-99.90,4.00,0.53,10.90,0.50,2.58,-99.20,98.00,66.04,23.67,52.90,81.10,0,12,16,0
VC6M6016,2024-12-05 13:36:55,2024-12-07 19:26:55,53.83,2.00,2.10,11.90,10.45,6.20,39.00,49.00,42.07,2.27,1.00,1.40,1.15,0.12,10.35,11.67,8.36,13.66,41.00,42.75,38.38,45.38,1.10,1.20,0.95,1.35,1.10,8.00,6.99,1.76,7.30,7.70,1.90,5.30,3.48,1.34,2.20,4.75,1.20,4.30,3.20,0.90,2.95,3.90,-99.20,64.80,33.41,56.34,51.00,55.80,1,1,1,0
VC6M6017,2024-12-11 21:31:54,2024-12-12 19:51:54,22.33,0.00,2.40,7.90,5.35,5.25,43.00,59.00,50.64,6.07,1.10,1.30,1.18,0.09,2.65,6.80,-3.58,13.03,47.00,57.50,31.25,73.25,1.10,1.25,0.88,1.48,0.80,3.00,2.18,0.73,1.60,2.70,0.00,3.80,1.79,1.05,1.75,2.10,0.00,3.70,1.85,1.07,1.70,2.40,-99.20,52.20,15.28,57.26,27.10,48.90,0,0,0,0
VC6M6018,2024-11-30 10:51:27,2024-12-08 23:11:27,204.33,8.00,1.90,12.30,6.66,7.22,55.00,70.00,63.25,2.42,1.10,1.40,1.11,0.03,4.60,8.90,-1.85,15.35,62.00,65.00,57.50,69.50,1.10,1.10,1.10,1.10,0.50,12.60,5.80,2.46,3.90,7.40,0.00,9.10,3.58,1.52,2.40,4.50,1.30,8.10,3.64,1.38,2.60,4.40,15.50,75.70,44.26,11.83,40.00,51.90,0,30,33,0
VC6M6019,2024-12-07 14:28:49,2024-12-10 20:28:49,78.00,3.00,-4.50,9.40,0.77,14.54,35.00,51.00,45.71,3.92,1.00,1.70,1.01,0.05,-2.13,3.38,-10.38,11.63,44.00,48.00,38.00,54.00,1.00,1.00,1.00,1.00,-7.70,5.80,-1.62,3.70,-5.00,1.40,-99.50,4.60,0.14,6.29,0.00,0.80,-99.90,4.20,0.06,6.30,0.00,0.70,-99.20,93.30,61.74,24.13,52.80,79.50,0,15,35,1
VC6M601A,2024-12-03 02:50:35,2024-12-05 00:30:35,45.67,1.00,-0.30,5.30,1.25,1.84,56.00,63.00,61.24,1.70,1.10,1.40,1.12,0.06,0.15,1.88,-2.44,4.46,61.00,62.00,59.50,63.50,1.10,1.10,1.10,1.10,-0.50,5.80,0.79,1.25,-0.10,1.60,-99.50,3.30,0.27,13.37,1.00,2.70,-99.90,3.20,0.25,13.41,1.60,2.70,30.00,79.20,65.63,10.32,61.70,70.70,4,7,7,0
VC6M601C,2024-12-03 11:03:35,2024-12-06 00:53:35,61.83,2.00,2.70,8.70,6.93,2.36,44.00,63.00,56.53,5.34,1.00,1.32,1.03,0.08,6.05,8.15,2.90,11.30,57.00,60.00,52.50,64.50,1.00,1.00,1.00,1.00,0.90,7.70,5.70,2.17,3.70,7.30,0.70,4.40,2.50,1.06,1.70,3.20,0.50,4.60,2.45,0.81,2.10,2.70,-99.20,72.40,41.46,31.97,40.20,55.40,2,11,10,0
VC6M601D,2024-11-28 15:23:36,2024-12-03 13:13:36,117.83,4.00,-2.70,16.70,5.28,17.15,52.00,84.00,60.00,5.20,0.94,1.84,1.03,0.07,2.50,8.10,-5.90,16.50,57.00,62.00,49.50,69.50,1.00,1.09,0.86,1.23,-2.80,15.70,4.40,4.21,2.10,8.10,0.00,8.10,2.37,1.50,1.40,2.80,0.10,6.20,2.28,1.11,1.40,3.00,29.30,95.00,76.83,11.31,69.20,86.60,5,33,7,1
VC6M601F,2024-12-14 09:22:34,2024-12-17 03:52:34,66.50,2.00,-0.50,17.70,3.27,8.07,36.00,62.00,55.40,4.77,0.91,1.77,1.01,0.08,1.50,4.30,-2.70,8.50,53.00,59.00,44.00,68.00,0.99,0.99,0.99,0.99,-3.30,5.70,0.88,2.19,-0.90,2.15,0.00,4.50,1.74,1.06,1.00,2.40,0.10,4.40,1.66,0.95,0.98,2.20,46.10,94.40,72.34,14.09,60.90,84.90,22,11,82,1
VC6M6020,2024-11-28 15:20:29,2024-12-03 13:20:29,118.00,4.00,-1.00,15.30,4.80,7.94,56.00,69.00,63.82,2.56,0.94,1.36,1.02,0.05,3.10,6.15,-1.48,10.73,62.00,66.00,56.00,72.00,1.00,1.02,0.97,1.05,-2.10,15.70,3.95,3.40,1.90,5.30,-99.50,8.10,-7.66,28.37,0.00,1.80,-99.90,5.30,-7.69,28.48,0.00,1.80,29.30,97.90,83.97,13.38,75.70,96.50,31,0,191,0
VC6M6021,2024-11-28 15:18:03,2024-12-03 13:18:03,118.00,4.00,2.80,16.80,8.44,17.11,57.00,83.00,63.41,6.20,0.86,1.70,1.04,0.08,5.10,11.85,-5.03,21.98,59.75,64.00,53.38,70.38,1.02,1.04,0.99,1.08,-2.10,15.70,5.72,5.67,1.20,10.30,0.00,9.50,2.83,2.45,0.70,4.23,0.10,10.80,2.63,2.10,0.90,3.40,29.30,89.70,69.62,12.57,62.43,76.95,0,23,54,1
VC6M6023,2024-12-03 13:47:28,2024-12-04 09:37:28,19.83,0.00,0.30,12.50,4.85,9.56,31.00,57.00,48.92,6.03,1.00,1.31,1.01,0.04,3.63,5.07,1.45,7.25,49.00,52.75,43.38,58.38,1.00,1.00,1.00,1.00,0.20,5.30,2.54,1.37,1.60,3.20,-99.50,4.40,-7.46,28.70,0.00,1.80,-99.90,4.80,-2.18,18.77,0.00,1.80,29.60,90.00,63.20,19.18,50.30,84.50,35,18,2,0
VC6M6026,2024-12-04 09:52:52,2024-12-04 11:02:52,1.17,0.00,4.10,7.50,6.23,2.11,47.00,59.00,51.50,5.54,1.12,1.31,1.22,0.06,5.23,7.23,2.22,10.23,47.25,56.00,34.12,69.12,1.20,1.23,1.17,1.26,2.20,3.30,2.85,0.48,2.45,3.20,0.00,2.90,1.13,1.14,0.53,1.80,0.10,2.10,0.95,0.80,0.53,1.50,35.80,76.90,46.57,16.53,36.73,50.60,0,0,2,0
VC6M6027,2024-11-17 02:26:02,2025-01-14 13:06:02,1402.67,58.00,-9.10,15.50,1.14,13.64,49.00,76.00,56.68,4.29,0.89,1.47,0.99,0.03,-0.80,3.20,-6.80,9.20,54.00,59.00,46.50,66.50,0.99,1.00,0.98,1.02,-15.20,14.40,-0.83,4.86,-4.00,2.60,0.00,9.00,2.04,1.43,1.00,2.70,0.00,7.30,2.04,1.29,1.10,2.60,25.90,93.80,67.42,15.70,55.85,80.30,182,148,646,0
VC6M6028,2024-11-28 17:21:43,2024-12-03 13:11:43,115.83,4.00,-3.00,16.90,5.12,17.17,51.00,81.00,60.91,5.14,0.90,1.44,1.01,0.04,2.30,7.90,-6.10,16.30,58.00,64.00,49.00,73.00,1.00,1.00,1.00,1.00,-2.80,15.70,4.41,4.21,2.10,8.10,0.00,8.10,2.40,1.54,1.40,2.90,0.10,7.60,2.30,1.19,1.40,2.90,29.30,95.00,76.67,11.53,69.20,86.60,8,25,172,0
VC6M6029,2024-11-28 14:27:52,2024-12-03 13:17:52,118.83,4.00,3.50,17.10,8.73,17.08,56.00,84.00,64.03,7.24,0.90,1.66,1.03,0.07,5.10,12.43,-5.89,23.41,60.00,65.00,52.50,72.50,1.02,1.04,0.99,1.07,-2.10,15.70,6.06,5.71,1.20,10.48,0.00,9.50,3.01,2.60,0.70,4.40,0.10,9.80,2.81,2.16,1.00,3.40,29.30,87.80,69.02,11.28,63.00,75.80,0,28,53,1
VC6M602B,2024-12-07 17:20:27,2024-12-10 16:40:27,71.33,2.00,-4.60,8.80,1.57,12.46,48.00,61.00,55.27,3.07,1.00,1.41,1.02,0.04,-1.60,4.30,-10.45,13.15,53.00,58.00,45.50,65.50,1.01,1.02,1.00,1.04,-6.90,6.50,-0.06,3.13,-2.40,1.80,0.00,3.80,1.18,0.83,0.50,1.60,0.00,3.70,1.12,0.74,0.50,1.50,-99.20,91.60,57.16,17.67,45.60,70.80,0,0,12,0
VC6M602C,2024-12-02 13:27:12,2024-12-03 13:17:12,23.83,0.00,1.20,15.10,6.80,14.82,58.00,69.00,63.57,2.01,0.93,1.64,0.97,0.09,3.65,10.15,-6.10,19.90,62.00,65.00,57.50,69.50,0.94,0.99,0.86,1.06,-2.10,15.70,3.82,5.02,-0.80,7.90,0.00,8.10,1.90,1.79,0.40,2.90,0.10,5.30,1.92,1.43,0.60,2.98,29.30,87.80,69.33,13.23,61.28,79.20,0,0,8,1
VC6M602D,2024-12-10 02:18:11,2024-12-11 11:18:11,33.00,1.00,0.80,12.00,10.30,4.78,49.00,63.00,50.13,2.77,1.00,1.31,1.10,0.04,9.80,11.53,7.21,14.11,49.00,50.00,47.50,51.50,1.10,1.10,1.10,1.10,-2.20,4.70,2.96,1.47,1.90,4.20,0.00,4.10,1.80,0.92,1.20,2.40,0.00,3.00,1.86,0.66,1.40,2.30,-99.20,94.00,56.42,16.78,54.13,59.20,5,5,14,0
VC6M602E,2024-12-11 02:14:37,2024-12-13 11:04:37,56.83,2.00,1.70,9.50,8.43,3.10,44.00,68.00,46.59,4.35,1.10,1.20,1.11,0.03,8.30,9.40,6.65,11.05,45.00,46.00,43.50,47.50,1.10,1.10,1.10,1.10,-0.40,3.30,0.32,0.71,-0.10,0.50,0.50,2.90,1.61,0.78,1.00,2.50,0.20,3.80,1.62,0.87,1.30,2.20,32.80,83.00,45.42,7.42,43.10,47.40,6,6,10,0
VC6M602F,2024-11-28 15:23:05,2024-12-03 13:13:05,117.83,4.00,3.60,17.30,8.73,17.29,57.00,84.00,64.59,7.78,0.92,2.75,1.03,0.14,4.90,12.45,-6.42,23.78,59.00,66.00,48.50,76.50,1.00,1.05,0.92,1.12,-2.10,15.70,6.12,5.74,1.13,10.48,0.00,8.10,2.55,2.16,0.70,3.45,0.10,9.10,2.41,1.72,0.98,3.10,34.50,87.80,69.26,11.61,60.70,76.20,0,25,8,1
VC6M6030,2024-12-11 02:24:10,2024-12-13 11:04:10,56.67,2.00,1.70,9.40,7.06,6.31,48.00,64.00,52.28,5.31,1.10,1.50,1.12,0.06,7.10,9.10,4.10,12.10,49.00,51.00,46.00,54.00,1.10,1.10,1.10,1.10,-0.70,2.70,1.03,0.76,0.60,1.40,0.00,3.30,1.25,0.81,0.80,2.00,0.00,2.40,1.16,0.64,0.80,1.70,-99.20,78.70,50.08,16.05,46.10,56.50,23,23,19,0
VC6M6032,2024-12-02 13:31:57,2024-12-03 13:21:57,23.83,0.00,0.50,15.30,6.30,17.22,58.00,70.00,65.40,2.26,0.93,1.40,0.96,0.06,2.80,9.73,-7.59,20.11,65.00,67.00,62.00,70.00,0.94,0.97,0.89,1.02,-2.10,15.70,3.82,5.08,-0.85,7.90,0.00,8.10,1.90,1.88,0.38,2.95,0.10,5.30,1.90,1.48,0.60,3.00,29.30,87.80,70.27,12.79,63.00,79.90,0,9,6,0
VC6M6033,2024-11-18 11:33:25,2024-12-22 03:23:25,807.83,33.00,-4.70,24.70,2.93,25.23,26.00,95.00,57.71,12.72,0.89,2.18,0.99,0.07,-0.50,4.50,-8.00,12.00,49.00,63.00,28.00,84.00,0.93,1.03,0.78,1.18,-9.30,9.90,0.06,3.62,-2.40,2.00,-99.50,7.70,1.64,3.04,0.90,2.40,0.00,4.40,1.70,0.95,1.10,2.20,-99.20,94.40,64.79,17.86,51.00,78.20,69,82,19,1
VC6M6034,2024-11-23 13:51:32,2025-01-08 16:11:32,1106.33,46.00,-5.50,21.30,12.81,51.31,32.00,87.00,53.30,8.78,0.88,1.81,1.16,0.10,7.50,20.10,-11.40,39.00,46.00,60.00,25.00,81.00,1.06,1.21,0.84,1.43,-7.10,13.60,2.89,4.84,-1.00,6.70,0.00,15.10,3.93,2.93,1.70,5.40,0.20,13.90,3.85,2.83,1.60,5.20,28.00,93.80,64.72,16.15,54.00,79.50,0,6,12,1
VC6M6035,2024-11-27 11:37:00,2024-12-03 03:47:00,136.17,5.00,3.90,14.70,11.04,10.05,57.00,68.00,64.65,3.02,1.00,1.44,1.03,0.07,8.70,13.70,1.20,21.20,62.00,67.00,54.50,74.50,1.00,1.00,1.00,1.00,2.00,17.30,11.92,4.33,9.50,15.10,0.30,5.60,2.92,1.07,2.20,3.70,0.50,6.90,2.95,0.91,2.30,3.60,40.00,89.40,60.20,9.94,53.70,65.20,0,0,34,0
VC6M6036,2024-11-18 16:02:08,2025-01-17 16:12:08,1440.17,60.00,-13.40,11.00,-0.20,13.38,22.00,69.00,59.74,5.33,0.90,1.70,0.95,0.05,-2.60,2.50,-10.25,10.15,58.00,64.00,49.00,73.00,0.93,0.94,0.92,0.95,-15.20,9.00,-1.73,4.70,-5.50,2.48,-99.50,6.60,1.99,3.29,1.30,2.60,0.00,6.30,2.10,1.11,1.40,2.60,-99.20,90.60,63.96,15.60,51.20,78.50,28,26,77,1
VC6M6037,2024-11-20 21:12:00,2024-11-21 10:22:00,13.17,0.00,4.60,9.70,6.71,2.89,59.00,71.00,66.03,3.20,1.10,1.51,1.14,0.10,5.00,8.50,-0.25,13.75,63.00,68.00,55.50,75.50,1.10,1.10,1.10,1.10,3.80,9.30,6.55,1.63,5.10,8.40,0.00,1.70,1.12,0.46,1.00,1.40,0.00,1.50,1.14,0.51,0.98,1.50,-99.20,99.90,80.32,45.78,88.30,94.50,0,0,7,1
VC6M6038,2024-12-13 01:07:35,2025-01-23 11:27:35,994.33,41.00,-10.80,6.70,0.11,11.08,40.00,91.00,58.87,7.72,0.93,5.33,1.01,0.09,-1.80,2.50,-8.25,8.95,53.00,64.00,36.50,80.50,1.00,1.01,0.98,1.02,-15.20,8.60,-1.65,4.70,-4.70,2.00,0.00,7.40,1.98,1.25,1.10,2.60,0.00,6.60,1.96,1.14,1.20,2.50,-99.20,93.80,68.79,16.73,55.50,83.10,79,5,347,1
VC6M6039,2024-11-15 13:21:49,2025-01-02 14:41:49,1153.33,48.00,-5.30,23.20,2.17,10.55,54.00,64.00,58.58,2.20,0.86,1.56,0.96,0.08,0.30,4.00,-5.25,9.55,57.00,60.00,52.50,64.50,0.86,1.00,0.65,1.21,-99.90,21.40,-0.58,10.30,-2.80,2.90,-99.90,7.70,0.94,9.71,0.90,2.40,-99.90,7.20,0.93,9.69,1.00,2.40,-99.90,90.50,65.73,21.62,56.80,79.10,14,0,5,1
VC6M603A,2024-11-23 23:22:04,2025-01-14 12:22:04,1237.00,51.00,-13.00,19.00,3.16,47.76,41.00,86.00,58.24,8.12,0.88,1.98,0.98,0.06,-1.50,8.70,-16.80,24.00,52.00,66.00,31.00,87.00,0.96,1.00,0.90,1.06,-99.90,17.30,0.79,13.75,-2.80,7.10,-99.90,9.70,1.10,12.06,1.20,3.60,-99.90,9.60,1.08,12.03,1.30,3.50,-99.90,98.20,64.81,25.26,54.80,79.70,0,0,363,1
VC6M603C,2024-11-28 09:20:00,2025-01-04 09:10:00,887.83,36.00,-3.40,5.60,0.92,4.25,58.00,67.00,61.82,1.54,1.00,1.40,1.00,0.02,-0.80,2.30,-5.45,6.95,61.00,63.00,58.00,66.00,1.00,1.00,1.00,1.00,-99.90,10.10,-2.17,20.06,-1.30,4.00,-99.90,5.60,-1.91,19.82,0.90,2.90,-99.90,6.50,-1.92,19.82,0.90,2.90,-99.90,96.20,60.12,35.41,54.30,76.70,0,2,6,0
VC6M603D,2024-11-24 01:23:16,2025-01-09 07:13:16,1109.83,46.00,-5.70,20.60,5.65,38.39,36.00,73.00,55.76,7.25,0.88,1.51,1.07,0.11,0.30,10.20,-14.55,25.05,52.00,61.00,38.50,74.50,0.95,1.11,0.71,1.35,-13.40,16.10,3.69,5.93,-1.30,7.40,-99.50,10.20,-1.94,22.31,1.30,4.40,-99.90,10.20,-2.05,22.36,1.40,4.20,35.40,98.20,65.44,16.11,54.20,78.00,0,6,3,1
VC6M6040,2024-12-13 09:47:09,2024-12-14 15:17:09,29.50,1.00,-0.90,6.50,2.18,4.58,46.00,58.00,53.65,4.11,1.00,1.30,1.01,0.04,0.00,3.90,-5.85,9.75,50.25,56.00,41.62,64.62,1.00,1.00,1.00,1.00,-1.10,5.30,1.64,1.94,-0.20,3.00,0.30,7.00,2.93,1.57,1.60,3.80,0.50,6.50,2.92,1.52,1.73,3.70,38.50,80.90,55.89,8.62,50.30,62.00,0,0,12,0
VC6M6041,2024-11-26 16:26:34,2024-12-19 08:06:34,543.67,22.00,-5.10,11.00,-1.99,11.04,41.00,67.00,41.62,2.86,1.00,1.35,1.04,0.07,-4.00,-0.90,-8.65,3.75,41.00,41.00,41.00,41.00,1.02,1.02,1.02,1.02,-6.40,7.90,-3.36,3.02,-5.80,-2.90,0.00,9.30,2.45,1.94,1.50,2.50,0.00,6.90,2.31,1.93,1.30,2.60,48.20,96.70,63.15,9.09,58.90,72.20,5,20,31,0
VC6M6043,2024-12-14 20:06:10,2025-01-18 23:26:10,843.33,35.00,-12.80,10.20,-0.79,21.88,38.00,95.00,57.54,11.22,0.93,1.51,1.00,0.05,-3.90,1.88,-12.56,10.54,49.00,63.75,26.88,85.88,0.99,1.01,0.96,1.04,-15.20,7.20,-2.71,4.79,-6.10,0.80,0.00,7.40,1.97,1.32,1.00,2.60,0.00,6.60,1.99,1.22,1.10,2.60,-99.20,93.40,64.81,17.71,51.80,79.40,15,72,359,1
VC6M6046,2024-11-20 09:05:34,2024-11-20 10:25:34,1.33,0.00,4.80,6.60,5.56,0.44,60.00,62.00,60.78,0.67,0.91,1.30,1.07,0.14,4.90,6.00,3.25,7.65,60.00,61.00,58.50,62.50,1.00,1.20,0.70,1.50,2.10,6.60,4.43,1.95,2.60,6.60,0.60,1.90,1.31,0.57,0.60,1.90,0.90,2.30,1.66,0.68,0.90,2.30,76.50,88.40,80.98,5.56,76.50,88.30,0,0,0,0
VC6M6049,2024-11-27 14:10:50,2024-12-03 05:10:50,135.00,5.00,-1.80,13.10,6.71,15.96,58.00,69.00,64.50,2.08,1.00,1.40,1.01,0.04,2.60,10.20,-8.80,21.60,63.00,66.00,58.50,70.50,1.00,1.00,1.00,1.00,-1.60,17.30,6.04,4.52,1.80,10.00,0.00,7.80,2.64,1.48,1.60,3.40,0.30,6.30,2.58,1.22,1.80,3.20,35.50,98.50,70.09,17.68,57.10,88.40,0,3,36,0
VC6M604F,2024-11-15 13:48:47,2024-11-23 09:58:47,188.17,7.00,4.10,26.60,23.75,3.73,24.00,86.00,39.45,8.53,1.02,1.28,1.07,0.01,22.90,24.90,19.90,27.90,31.00,45.00,10.00,66.00,1.07,1.07,1.07,1.07,1.30,24.10,11.97,6.40,6.50,16.80,0.00,5.20,2.57,1.20,1.90,3.40,0.20,4.90,2.53,1.11,1.70,3.40,22.40,92.10,53.89,19.51,39.75,67.80,2,2,35,0
VC6M6050,2024-11-21 09:46:26,2025-01-18 00:46:26,1383.00,57.00,-11.10,14.50,-0.19,9.54,40.00,69.00,59.21,3.73,0.95,1.22,1.01,0.03,-2.40,2.40,-9.60,9.60,57.00,62.00,49.50,69.50,1.02,1.02,1.02,1.02,-13.60,12.90,-1.64,4.26,-5.00,2.32,0.00,6.60,2.01,1.20,1.20,2.60,0.00,5.70,2.03,1.06,1.40,2.50,35.80,90.60,64.79,14.43,51.80,78.50,10,2,184,0
VC6M6051,2024-12-01 01:22:46,2024-12-02 18:52:46,41.50,1.00,2.70,12.40,6.88,8.32,65.00,85.00,72.86,4.61,1.00,1.60,1.01,0.05,4.40,9.00,-2.50,15.90,70.00,75.00,62.50,82.50,1.00,1.00,1.00,1.00,1.40,15.40,6.78,3.99,3.60,9.40,-99.50,5.70,-24.38,44.52,-99.50,2.60,-99.90,6.30,-24.46,44.72,-99.90,2.80,72.80,97.90,89.80,8.05,83.10,97.50,0,8,8,1
VC6M6052,2024-12-03 01:51:30,2024-12-03 03:01:30,1.17,0.00,2.40,3.30,2.75,0.11,67.00,68.00,67.67,0.52,1.10,1.30,1.19,0.07,2.53,2.88,2.00,3.40,67.25,68.00,66.12,69.12,1.13,1.21,1.02,1.33,-1.50,1.60,-0.32,1.30,-1.38,0.58,0.80,3.80,2.28,1.24,1.38,3.25,1.20,3.50,2.02,1.11,1.25,2.90,61.30,78.10,68.70,7.51,63.53,75.07,0,0,0,0
VC6M6053,2024-11-15 16:33:18,2024-12-29 13:33:18,1053.00,43.00,-2.10,19.30,6.88,72.02,48.00,71.00,59.11,5.37,0.90,1.20,0.99,0.09,0.40,17.40,-25.10,42.90,54.00,64.00,39.00,79.00,0.92,1.10,0.65,1.37,-6.10,20.90,5.46,9.52,-1.90,16.30,0.00,3.60,1.31,0.92,0.60,1.90,0.00,3.30,1.32,0.77,0.70,2.00,45.30,94.00,67.88,11.91,57.00,78.00,0,0,0,0
VC6M6054,2024-11-21 10:42:27,2025-01-14 13:02:27,1298.33,54.00,-4.70,25.60,18.14,65.58,14.00,80.00,30.79,16.16,0.91,1.77,1.05,0.07,20.20,22.90,16.15,26.95,18.00,43.00,-19.50,80.50,1.00,1.10,0.85,1.25,-15.20,13.80,-0.57,5.63,-4.00,3.00,-99.50,7.40,-7.40,29.63,0.90,2.70,-99.90,7.20,-7.41,29.75,0.90,2.60,25.90,93.80,67.58,15.87,55.00,80.30,631,0,4,1
VC6M6055,2024-11-26 11:08:47,2024-12-03 03:38:47,160.50,6.00,-0.80,14.90,7.11,15.31,57.00,78.00,65.33,3.53,1.10,1.70,1.11,0.04,3.50,10.20,-6.55,20.25,63.00,67.00,57.00,73.00,1.10,1.10,1.10,1.10,-1.60,17.30,6.53,4.81,2.10,10.40,0.10,7.80,2.80,1.42,1.80,3.50,0.30,6.70,2.81,1.25,2.00,3.50,35.50,98.50,69.20,17.09,56.50,84.30,0,30,31,1
VC6M6056,2024-11-26 09:03:08,2025-01-14 09:33:08,1176.50,49.00,-9.70,11.30,0.31,12.32,49.00,76.00,55.96,3.24,0.94,1.63,1.05,0.05,-2.30,2.60,-9.65,9.95,54.00,58.00,48.00,64.00,1.00,1.08,0.88,1.20,-99.90,10.50,-1.89,10.27,-3.50,2.30,-99.90,10.00,1.07,9.68,0.90,2.60,-99.90,8.40,1.11,9.67,1.00,2.60,-99.90,99.90,66.19,21.78,56.20,79.75,15,70,8,1
VC6M6057,2024-12-11 16:39:48,2025-01-14 09:29:48,808.83,33.00,-10.80,9.30,0.45,12.18,37.00,70.00,54.35,5.21,0.90,1.99,1.03,0.05,-1.10,2.60,-6.65,8.15,50.00,58.00,38.00,70.00,1.00,1.05,0.92,1.12,-99.90,10.00,-1.30,5.29,-4.00,2.40,-99.90,7.40,1.85,2.91,1.00,2.50,-99.90,7.20,1.87,2.86,1.10,2.50,-99.20,93.80,66.10,18.25,55.00,79.30,132,1,328,1
VC6M6059,2024-12-06 14:48:14,2024-12-10 15:58:14,97.17,4.00,-1.40,11.80,1.95,4.17,39.00,59.00,55.01,3.00,1.00,1.22,1.01,0.03,0.30,3.20,-4.05,7.55,53.00,57.00,47.00,63.00,1.00,1.00,1.00,1.00,-99.90,6.20,-0.14,7.38,-1.50,2.40,-99.90,4.90,1.67,7.19,1.20,3.05,-99.90,4.50,1.65,7.18,1.20,3.30,-99.20,71.80,52.45,14.68,50.10,60.00,6,6,20,0
VC6M605A,2024-12-13 22:32:44,2025-01-15 18:32:44,788.00,32.00,-13.00,14.00,-1.26,18.11,45.00,93.00,57.77,11.76,0.91,1.56,1.02,0.08,-3.80,1.50,-11.75,9.45,48.75,61.00,30.38,79.38,0.95,1.10,0.72,1.33,-15.20,8.20,-2.47,5.01,-6.30,1.90,0.00,7.40,2.06,1.28,1.20,2.70,0.00,6.60,2.12,1.18,1.30,2.70,-99.20,97.00,63.10,33.59,54.20,81.20,52,139,4,1
VC6M605B,2024-11-29 16:31:48,2025-01-12 07:11:48,1046.67,43.00,-11.00,17.40,0.14,16.02,41.00,69.00,44.75,2.54,0.92,2.88,1.02,0.04,-2.60,2.80,-10.70,10.90,43.00,45.00,40.00,48.00,1.02,1.02,1.02,1.02,-99.90,10.10,-2.43,15.43,-2.85,3.00,-99.90,10.50,-0.19,15.18,0.80,2.90,-99.90,8.70,-0.19,15.17,0.90,2.90,-99.90,98.20,65.02,28.95,57.50,79.10,66,85,540,1
VC6M605D,2024-12-01 01:59:27,2024-12-02 19:09:27,41.17,1.00,1.70,11.40,6.48,10.21,62.00,78.00,68.06,4.24,1.10,1.30,1.10,0.02,3.05,9.75,-7.00,19.80,64.00,71.00,53.50,81.50,1.10,1.10,1.10,1.10,-0.50,15.40,5.58,4.22,3.50,7.15,0.00,5.70,2.32,1.38,1.40,2.80,0.00,6.30,2.30,1.47,1.20,2.50,71.90,97.60,86.75,5.66,83.20,91.50,0,0,6,0
VC6M605E,2024-11-28 15:22:27,2024-12-02 11:52:27,92.50,3.00,-3.20,14.70,6.53,42.29,57.00,81.00,66.54,9.08,1.00,1.50,1.08,0.07,0.35,13.28,-19.04,32.66,58.00,76.00,31.00,103.00,1.00,1.10,0.85,1.25,-2.80,14.40,5.97,5.69,0.40,11.40,0.00,5.60,2.09,1.07,1.10,2.90,0.00,4.30,2.17,1.11,1.30,3.10,54.50,100.00,77.09,9.16,70.90,83.20,0,0,2,0
VC6M6060,2024-12-16 19:46:57,2024-12-21 12:36:57,112.83,4.00,-5.90,7.30,0.17,10.94,42.00,78.00,55.38,6.15,0.90,1.94,0.95,0.07,-2.60,2.70,-10.55,10.65,50.00,58.00,38.00,70.00,0.93,0.98,0.86,1.06,-8.70,3.90,-1.07,3.31,-3.20,1.73,0.00,7.70,1.75,1.13,1.00,2.32,0.00,4.40,1.75,0.91,1.20,2.20,35.80,90.50,66.42,14.58,53.85,79.10,0,11,35,1
VC6M6061,2025-01-02 05:06:33,2025-01-22 22:06:33,497.00,20.00,-10.90,6.60,0.09,11.30,37.00,85.00,59.53,8.79,0.90,1.42,0.92,0.04,-1.90,2.50,-8.50,9.10,53.00,65.00,35.00,83.00,0.91,0.92,0.90,0.94,-15.20,8.60,-1.58,4.72,-4.60,2.10,0.00,7.40,2.04,1.23,1.20,2.70,0.00,6.60,2.02,1.11,1.30,2.60,21.00,93.80,68.31,16.32,55.20,82.20,78,13,161,0
VC6M6062,2024-11-30 21:32:53,2024-12-02 17:42:53,44.17,1.00,1.00,11.10,5.12,8.74,64.00,75.00,69.16,3.15,0.91,1.30,0.93,0.05,2.50,7.25,-4.63,14.38,66.00,72.00,57.00,81.00,0.91,0.91,0.91,0.91,1.50,15.40,6.38,3.71,3.55,8.40,-99.50,5.50,-19.50,40.77,0.00,1.45,-99.90,6.30,-19.59,40.93,0.00,1.05,72.80,97.90,90.89,7.55,83.95,97.45,0,0,35,0
VC6M6063,2024-11-28 20:49:37,2025-01-23 23:59:37,1347.17,56.00,-10.40,62.50,11.93,470.60,41.00,95.00,66.65,15.49,0.90,1.60,0.97,0.07,-0.20,6.50,-10.25,16.55,56.00,72.00,32.00,96.00,0.90,1.02,0.72,1.20,-15.20,10.00,-0.96,4.58,-4.10,2.50,0.00,7.70,1.59,1.26,0.60,2.20,0.00,7.20,1.60,1.16,0.70,2.30,-99.20,98.90,70.04,16.91,57.80,83.60,1100,0,11,1
VC6M6066,2024-12-16 13:47:00,2024-12-25 06:37:00,208.83,8.00,-4.20,7.90,0.87,10.97,55.00,74.00,62.45,4.48,0.90,1.21,0.99,0.06,-1.30,3.30,-8.20,10.20,58.00,65.00,47.50,75.50,0.95,1.02,0.84,1.12,-5.60,5.40,-0.98,3.01,-2.90,2.00,0.00,3.40,1.44,0.87,0.80,1.95,0.10,3.70,1.60,0.83,0.90,2.25,41.60,89.40,74.33,14.15,73.10,83.00,0,0,2,0
VC6M6068,2024-11-21 01:11:12,2024-11-21 08:21:12,7.17,0.00,6.40,8.70,7.44,0.48,69.00,78.00,73.02,1.52,1.00,1.40,1.05,0.11,6.80,8.10,4.85,10.05,72.00,73.00,70.50,74.50,1.00,1.00,1.00,1.00,5.70,8.00,7.06,0.59,6.60,7.40,-99.50,2.20,-3.58,22.01,0.00,2.10,-99.90,2.30,-3.56,22.10,0.10,1.80,-99.20,94.80,83.40,29.32,86.20,88.50,0,7,9,0
VC6M606B,2024-11-30 21:11:15,2024-12-02 12:41:15,39.50,1.00,5.00,11.10,9.60,6.71,64.00,74.00,66.00,4.47,0.90,1.20,1.02,0.11,10.40,11.00,9.50,11.90,64.00,64.00,64.00,64.00,1.00,1.02,0.97,1.05,1.90,11.60,9.66,4.34,11.60,11.60,0.80,2.40,2.08,0.72,2.40,2.40,0.50,2.20,1.86,0.76,2.20,2.20,87.30,89.80,87.80,1.12,87.30,87.30,1,1,2,0
VC6M606C,2024-12-14 10:21:31,2024-12-16 00:01:31,37.67,1.00,1.30,8.60,2.90,2.19,42.00,61.00,54.23,5.03,0.97,1.34,0.98,0.03,1.80,3.80,-1.20,6.80,51.00,58.00,40.50,68.50,0.97,0.97,0.97,0.97,-2.00,4.40,0.85,1.48,-0.20,1.50,0.00,4.20,1.60,1.07,0.80,2.40,0.10,3.40,1.47,0.93,0.80,2.20,48.30,94.40,77.21,13.97,68.40,91.70,7,0,46,0
VC6M606E,2024-11-15 13:13:41,2024-12-27 01:33:41,996.33,41.00,-2.10,22.20,16.12,54.15,52.00,63.00,59.90,2.93,0.91,1.30,1.06,0.08,17.13,20.50,12.06,25.56,60.00,62.00,57.00,65.00,1.10,1.10,1.10,1.10,-3.20,20.90,12.69,7.12,8.40,17.20,0.60,6.20,2.92,1.47,1.70,4.18,0.60,5.90,2.91,1.42,1.60,4.30,36.70,94.00,65.67,14.46,54.75,72.50,59,59,92,0
VC6M6070,2024-12-20 15:09:48,2024-12-24 14:49:48,95.67,3.00,-5.70,7.80,0.08,11.47,48.00,73.00,62.21,6.11,0.91,1.06,0.97,0.02,-3.00,2.20,-10.80,10.00,58.50,66.00,47.25,77.25,0.97,0.97,0.97,0.97,-8.10,6.10,-1.24,3.37,-4.25,1.50,0.00,7.70,1.93,1.20,1.00,2.65,0.00,4.30,1.86,1.07,0.90,2.60,43.90,90.50,72.22,13.72,60.70,84.35,0,0,149,0
VC6M6071,2024-11-15 13:47:01,2024-11-26 11:27:01,261.67,10.00,4.30,26.50,21.37,8.26,26.00,127.00,56.85,16.70,0.92,1.37,1.00,0.03,19.63,23.30,14.11,28.81,45.00,73.00,3.00,115.00,0.99,1.00,0.98,1.02,-4.40,24.10,8.49,6.51,3.20,13.20,0.00,7.60,2.11,1.17,1.20,2.60,0.10,7.10,2.05,1.11,1.20,2.70,22.40,95.90,62.79,19.64,46.60,80.40,12,2,253,0
VC6M6072,2024-12-16 14:24:04,2025-01-06 10:34:04,500.17,20.00,-5.20,8.10,1.94,6.53,54.00,65.00,58.57,2.29,0.93,1.12,0.95,0.03,0.40,3.50,-4.25,8.15,57.00,60.00,52.50,64.50,0.93,0.98,0.86,1.06,-8.10,10.00,0.05,3.67,-2.80,2.80,0.00,7.70,1.84,1.25,0.90,2.40,0.00,7.20,1.84,1.14,1.00,2.40,25.90,93.80,67.91,15.91,57.70,80.90,50,2,17,0
VC6M6073,2024-11-21 10:58:54,2025-01-12 22:38:54,1259.67,52.00,-0.40,25.60,20.88,21.16,13.00,78.00,30.57,17.65,1.00,1.77,1.05,0.06,21.30,23.30,18.30,26.30,18.00,46.00,-24.00,88.00,1.00,1.10,0.85,1.25,-15.20,13.80,-0.88,6.07,-4.70,2.90,0.00,7.40,2.06,1.34,1.20,2.70,0.00,7.20,2.10,1.25,1.20,2.70,25.90,93.80,66.80,16.62,54.20,79.90,278,0,5,1
VC6M6074,2024-12-19 07:50:33,2025-01-12 13:50:33,582.00,24.00,-9.90,7.90,0.79,11.61,45.00,67.00,58.03,4.15,0.99,1.31,1.04,0.04,-0.90,3.00,-6.75,8.85,55.00,61.00,46.00,70.00,1.00,1.05,0.92,1.12,-15.20,10.00,-1.39,4.49,-4.00,2.00,0.00,7.70,1.83,1.27,0.90,2.40,0.00,7.20,1.85,1.15,1.00,2.40,25.90,93.80,67.78,15.28,56.20,80.10,38,6,121,0
VC6M6075,2024-11-19 03:35:30,2025-01-14 13:35:30,1354.00,56.00,-10.80,10.80,0.53,13.46,44.00,87.00,55.20,5.17,0.94,1.75,1.03,0.05,-1.10,2.70,-6.80,8.40,51.00,58.00,40.50,68.50,1.00,1.05,0.92,1.12,-15.20,10.00,-1.17,4.86,-4.10,2.50,-99.50,7.40,1.78,3.96,1.00,2.50,-99.90,7.20,1.83,3.47,1.10,2.50,-99.20,93.80,67.04,16.34,55.90,79.50,152,22,27,1
VC6M6076,2024-11-15 13:26:06,2024-11-17 10:36:06,45.17,1.00,18.30,23.00,21.03,1.33,50.00,58.00,54.01,1.34,1.00,1.21,1.03,0.05,20.00,22.00,17.00,25.00,53.00,55.00,50.00,58.00,1.00,1.10,0.85,1.25,7.50,20.80,14.12,4.04,10.80,16.50,0.70,6.20,3.52,1.45,2.30,5.00,0.60,5.90,3.43,1.40,2.30,4.70,37.90,94.00,70.09,18.69,50.80,88.90,0,0,0,0
VC6M6077,2024-12-27 19:39:18,2025-01-10 21:29:18,337.83,14.00,-10.80,10.50,0.56,15.87,31.00,81.00,56.06,9.80,0.93,1.24,0.98,0.04,-1.80,2.90,-8.85,9.95,51.00,63.00,33.00,81.00,0.95,0.99,0.89,1.05,-15.20,10.00,-1.32,4.98,-4.00,2.20,0.00,7.40,1.94,1.36,1.00,2.50,0.00,7.20,1.96,1.26,1.10,2.50,25.90,93.80,66.83,16.39,55.00,79.50,78,24,74,0
VC6M6087,2024-11-21 09:55:49,2024-11-23 23:45:49,61.83,2.00,4.60,11.70,8.96,4.29,63.00,75.00,67.43,3.09,1.10,1.31,1.11,0.03,6.90,10.90,0.90,16.90,65.00,70.00,57.50,77.50,1.10,1.10,1.10,1.10,0.90,13.10,7.10,4.14,2.20,10.40,-99.50,3.50,0.35,8.57,0.00,1.90,-99.90,3.20,0.31,8.59,0.00,1.80,31.30,87.70,61.41,18.53,44.80,80.30,0,0,9,0
VC6M608D,2024-11-22 20:08:57,2024-11-27 16:48:57,116.67,4.00,2.00,9.50,6.90,7.10,47.00,61.00,53.57,2.62,1.00,1.60,1.13,0.07,4.40,9.20,-2.80,16.40,53.00,54.00,51.50,55.50,1.10,1.10,1.10,1.10,-1.50,5.60,1.70,1.91,-0.10,3.10,0.00,13.80,3.54,2.79,2.10,4.30,0.00,8.80,3.40,2.03,2.20,4.80,-99.20,97.20,74.88,24.46,53.80,94.90,0,58,43,1
VC6M608E,2024-11-21 10:50:57,2025-01-20 09:50:57,1439.00,59.00,-11.00,13.60,0.10,9.27,41.00,82.00,58.34,3.76,0.89,1.95,0.97,0.04,-2.10,2.50,-9.00,9.40,56.00,61.00,48.50,68.50,0.95,0.98,0.90,1.02,-9.40,9.80,-1.34,4.34,-4.80,2.40,0.00,6.60,2.01,1.13,1.30,2.60,0.00,5.70,2.00,1.00,1.40,2.60,23.40,91.40,66.07,15.61,53.10,79.40,6,10,60,1
VC6M6090,2024-11-26 15:31:02,2025-01-14 09:31:02,1170.00,48.00,-9.70,14.40,1.03,13.20,35.00,75.00,56.01,5.37,0.96,1.40,1.08,0.06,-0.85,3.20,-6.93,9.28,53.00,58.00,45.50,65.50,1.03,1.10,0.92,1.20,-15.20,10.00,-0.94,4.60,-3.80,2.40,0.00,13.80,2.13,1.82,1.00,2.60,0.00,11.70,2.12,1.61,1.10,2.60,25.90,97.20,69.23,15.31,58.10,81.70,138,260,45,0
VC6M6091,2024-11-21 09:32:11,2025-01-14 20:42:11,1307.17,54.00,-6.10,11.20,-0.49,12.40,47.00,70.00,51.22,3.01,0.99,1.31,0.99,0.02,-3.40,2.40,-12.10,11.10,49.00,52.00,44.50,56.50,0.99,0.99,0.99,0.99,-8.90,11.10,-1.64,5.00,-6.88,2.90,-99.50,5.20,-0.07,14.28,1.33,2.50,-99.90,5.00,-0.07,14.32,1.40,2.50,43.90,90.60,71.27,12.93,57.60,83.40,1,11,23,0
VC6M6092,2024-11-21 10:22:52,2024-12-31 17:22:52,967.00,40.00,-1.10,24.40,18.33,65.57,35.00,58.00,45.43,3.43,1.00,1.63,1.03,0.07,14.05,23.30,0.18,37.18,45.00,47.00,42.00,50.00,1.00,1.01,0.98,1.02,-1.50,11.10,4.01,3.44,1.40,6.40,0.60,7.20,3.32,1.92,1.60,4.70,0.50,7.20,3.42,1.88,1.80,4.40,32.70,83.60,52.97,11.49,44.00,59.70,13,40,39,1
VC6M6093,2024-11-17 02:13:06,2024-12-21 21:03:06,834.83,34.00,-4.60,15.60,2.35,12.66,41.00,94.00,57.16,7.37,0.88,2.22,1.04,0.07,0.00,3.90,-5.85,9.75,53.00,58.00,45.50,65.50,1.02,1.03,1.00,1.04,-8.70,13.10,0.55,3.83,-2.00,2.80,0.00,11.40,2.36,1.94,1.10,3.00,0.00,8.50,2.33,1.71,1.20,2.90,25.60,94.40,63.52,18.78,48.80,78.20,54,151,417,1
VC6M6094,2024-11-21 14:52:18,2024-11-29 05:12:18,182.33,7.00,8.20,21.10,13.32,8.97,40.00,65.00,57.32,6.28,1.10,1.66,1.12,0.07,11.60,14.90,6.65,19.85,55.00,62.00,44.50,72.50,1.10,1.10,1.10,1.10,3.70,14.90,9.93,2.33,7.90,11.70,0.00,14.80,3.00,1.51,2.10,3.40,0.00,14.70,3.12,1.43,2.40,3.70,-99.20,99.90,52.45,17.64,39.80,60.90,17,22,35,1
VC6M6098,2024-12-14 09:33:59,2024-12-21 19:33:59,178.00,7.00,-4.70,15.30,1.30,9.80,43.00,95.00,57.61,9.84,0.91,3.01,1.01,0.09,-1.10,3.40,-7.85,10.15,50.00,63.00,30.50,82.50,0.95,1.05,0.80,1.20,-8.70,5.70,-0.46,3.08,-2.60,1.80,0.00,7.70,1.82,1.14,1.00,2.40,0.00,4.40,1.77,0.93,1.10,2.30,35.80,94.40,68.31,15.24,54.40,80.20,5,30,8,1
VC6M609B,2024-11-19 20:26:18,2024-11-20 07:56:18,11.50,0.00,3.80,7.80,5.31,1.61,53.00,60.00,56.96,1.85,1.00,1.40,1.04,0.08,4.03,6.10,0.91,9.21,56.00,58.00,53.00,61.00,1.00,1.00,1.00,1.00,0.80,6.10,2.97,1.04,2.00,3.90,-99.50,1.40,-2.43,16.77,0.10,0.50,0.00,1.30,0.42,0.31,0.30,0.40,-99.20,90.30,67.74,20.89,68.50,70.60,0,0,16,0
VC6M609C,2024-11-21 10:57:14,2025-01-13 14:27:14,1275.50,53.00,-6.30,15.60,-1.91,15.27,39.00,73.00,61.38,6.04,0.99,1.12,0.99,0.01,-4.10,-0.30,-9.80,5.40,58.00,64.00,49.00,73.00,0.99,0.99,0.99,0.99,-8.90,12.30,-3.80,4.60,-7.00,-2.10,-99.50,5.20,1.15,6.94,1.10,2.20,-99.90,5.00,1.19,6.96,1.10,2.10,51.10,87.40,74.06,11.91,64.60,84.10,17,17,38,0
VC6M609D,2024-11-19 13:39:18,2024-11-21 17:29:18,51.83,2.00,6.10,15.50,8.88,8.21,40.00,61.00,56.13,5.63,1.10,1.40,1.11,0.05,6.90,9.00,3.75,12.15,56.00,59.00,51.50,63.50,1.10,1.10,1.10,1.10,5.10,13.80,7.56,2.38,5.80,8.40,-99.50,4.80,-0.70,13.60,0.70,1.30,0.00,3.20,1.14,0.60,0.80,1.30,-99.20,94.80,78.58,29.06,79.20,93.80,22,15,14,0
VC6M60A0,2024-12-17 06:43:03,2024-12-21 12:33:03,101.83,4.00,-4.60,7.20,0.71,9.22,44.00,72.00,53.57,6.06,0.94,2.14,1.00,0.06,-1.90,3.30,-9.70,11.10,49.00,57.75,35.88,70.88,0.99,1.00,0.98,1.02,-8.70,3.90,-1.14,3.39,-3.20,1.60,0.00,7.70,1.79,1.16,1.00,2.40,0.00,4.40,1.77,0.94,1.20,2.40,35.80,90.50,65.34,14.78,53.40,79.10,0,1,171,1
VC6M60A2,2024-11-21 14:04:10,2024-11-29 04:44:10,182.67,7.00,7.20,18.80,10.77,8.94,43.00,66.00,57.92,5.34,1.00,1.40,1.04,0.06,8.30,12.13,2.56,17.86,55.00,62.00,44.50,72.50,1.00,1.10,0.85,1.25,4.70,15.70,10.18,2.32,8.48,11.70,0.00,10.10,3.05,1.22,2.40,3.60,0.30,9.90,3.15,1.16,2.60,3.40,41.60,84.50,64.87,9.00,59.55,71.90,5,4,2,0
VC6M60A3,2024-12-02 13:09:47,2024-12-03 12:59:47,23.83,0.00,1.30,15.60,7.44,17.36,56.00,73.00,64.41,2.76,0.91,2.53,1.00,0.15,4.38,11.60,-6.46,22.44,63.00,66.00,58.50,70.50,0.96,0.99,0.91,1.04,-2.10,15.40,4.71,5.70,0.18,8.83,0.00,8.10,2.33,2.20,0.40,3.45,0.10,5.30,2.04,1.43,0.67,3.03,38.00,87.80,68.75,12.42,60.38,76.58,0,4,22,1
VC6M60A4,2024-12-18 18:22:47,2025-01-05 06:12:47,419.83,17.00,-6.30,25.80,18.49,92.48,16.00,60.00,35.90,12.85,1.00,1.51,1.08,0.07,21.40,23.80,17.80,27.40,21.00,47.00,-18.00,86.00,1.00,1.10,0.85,1.25,-99.90,10.00,-0.65,8.86,-3.40,2.90,-99.90,8.20,1.45,8.10,1.10,2.50,-99.90,7.20,1.43,8.08,1.10,2.50,-99.90,89.70,59.96,22.13,44.00,77.20,196,0,3,1
VC6M60A5,2024-12-14 17:06:11,2024-12-28 09:56:11,328.83,13.00,-9.80,8.00,0.88,9.87,38.00,73.00,59.95,6.25,0.95,1.50,1.02,0.03,-1.00,2.90,-6.85,8.75,56.00,64.00,44.00,76.00,1.01,1.02,1.00,1.04,-99.90,6.20,-0.68,6.34,-2.90,2.20,-99.90,7.70,1.50,5.75,0.90,2.40,-99.90,6.30,1.48,5.72,0.90,2.50,-99.90,97.70,67.73,16.94,58.50,79.90,41,30,321,0
VC6M60A6,2024-11-23 01:26:06,2024-11-26 19:26:06,90.00,3.00,0.60,16.40,9.39,16.00,48.00,69.00,57.49,5.29,1.00,1.40,1.01,0.04,6.70,13.10,-2.90,22.70,52.00,61.00,38.50,74.50,1.00,1.00,1.00,1.00,-2.00,15.60,7.73,4.25,4.20,11.23,-99.50,7.10,1.35,7.81,0.50,2.90,-99.90,5.60,1.52,6.44,0.60,2.80,-99.20,93.20,61.54,18.91,49.90,75.80,0,0,10,0
VC6M60A7,2024-11-19 10:43:03,2024-11-22 10:33:03,71.83,2.00,7.60,14.00,11.95,3.32,45.00,61.00,57.72,3.95,1.10,1.50,1.11,0.04,10.70,13.80,6.05,18.45,58.00,60.00,55.00,63.00,1.10,1.10,1.10,1.10,4.70,13.80,10.10,2.40,8.20,12.60,0.00,12.10,5.47,4.36,1.70,10.10,0.20,12.30,5.47,4.36,1.60,10.30,-99.20,88.30,54.92,19.64,47.30,62.80,0,38,15,0
VC6M60A9,2024-11-19 16:24:08,2024-11-21 17:34:08,49.17,2.00,4.80,13.20,8.23,4.67,37.00,56.00,53.45,3.12,1.00,1.40,1.11,0.05,6.53,9.67,1.80,14.40,53.00,55.00,50.00,58.00,1.10,1.10,1.10,1.10,2.40,13.80,6.91,2.53,4.70,8.50,-99.50,3.90,0.98,6.70,0.90,2.00,0.00,3.40,1.36,0.64,0.80,1.80,-99.20,94.80,65.24,27.11,56.20,83.70,0,16,53,0
VC6M60AA,2024-11-19 08:56:38,2024-11-21 19:06:38,58.17,2.00,2.60,12.70,8.61,3.80,49.00,61.00,55.86,2.62,1.00,1.40,1.03,0.06,7.40,9.70,3.95,13.15,54.00,58.00,48.00,64.00,1.00,1.10,0.85,1.25,-4.30,13.80,8.33,2.94,6.40,9.70,0.00,3.90,1.47,0.85,0.90,2.00,0.00,3.30,1.47,0.69,0.90,2.00,-99.20,94.80,69.26,21.38,52.90,87.30,6,0,2,0
VC6M60AB,2024-12-16 08:50:33,2024-12-19 23:20:33,86.50,3.00,-4.60,4.60,1.06,7.22,53.00,75.00,59.35,4.26,1.12,1.51,1.13,0.03,-1.10,3.40,-7.85,10.15,57.00,61.00,51.00,67.00,1.12,1.12,1.12,1.12,-99.90,4.40,-2.66,18.51,-1.90,3.50,-99.90,5.20,-1.86,18.43,0.50,2.10,-99.90,5.30,-1.91,18.42,0.40,2.22,-99.90,94.40,60.86,34.07,52.10,77.60,0,16,55,1
VC6M60AC,2024-12-23 18:34:34,2025-01-06 00:54:34,318.33,13.00,-4.40,8.10,2.11,5.49,52.00,71.00,58.76,3.86,0.86,1.11,0.93,0.03,0.40,3.70,-4.55,8.65,55.00,62.00,44.50,72.50,0.90,0.94,0.84,1.00,-7.10,10.00,0.27,3.71,-2.50,3.10,0.00,7.20,1.81,1.25,0.90,2.30,0.00,7.20,1.83,1.15,1.00,2.40,25.90,93.10,66.23,16.05,55.10,79.40,0,0,76,0
VC6M60AD,2024-12-17 10:51:47,2025-01-23 23:51:47,901.00,37.00,-2.20,25.40,21.41,11.18,12.00,56.00,20.63,4.94,1.00,1.44,1.00,0.02,20.80,23.10,17.35,26.55,17.00,23.00,8.00,32.00,1.00,1.00,1.00,1.00,-15.20,10.00,-0.94,4.44,-3.70,2.40,0.00,7.70,1.92,1.22,1.00,2.60,0.00,7.20,1.92,1.09,1.20,2.50,20.80,93.80,67.16,15.96,55.15,80.10,289,91,736,0
VC6M60AE,2024-12-19 07:36:54,2024-12-23 22:26:54,110.83,4.00,-8.40,7.50,0.45,10.58,46.00,67.00,59.36,5.08,0.99,1.16,1.02,0.02,-2.10,2.50,-9.00,9.40,56.00,64.00,44.00,76.00,1.02,1.02,1.02,1.02,-8.70,6.10,-1.17,3.32,-3.50,1.50,0.00,7.70,1.83,1.15,1.00,2.50,0.00,4.30,1.78,1.01,1.00,2.40,35.80,90.50,69.12,13.76,58.70,81.80,0,0,81,0
VC6M60B0,2024-12-17 06:29:17,2024-12-21 13:19:17,102.83,4.00,-5.50,7.40,0.26,10.98,46.00,78.00,55.46,5.50,0.90,2.98,0.94,0.10,-2.70,3.00,-11.25,11.55,51.00,60.00,37.50,73.50,0.90,0.95,0.83,1.02,-8.70,3.90,-1.18,3.38,-3.20,1.60,0.00,7.70,1.79,1.14,1.00,2.40,0.00,4.40,1.77,0.93,1.20,2.40,35.80,93.40,65.49,14.94,53.40,79.20,0,2,46,1
VC6M60B1,2024-12-17 06:34:26,2024-12-19 07:24:26,48.83,2.00,-5.10,7.40,0.39,10.77,46.00,69.00,53.06,5.48,0.91,1.10,0.98,0.04,-1.90,2.90,-9.10,10.10,49.00,55.75,38.88,65.88,0.94,1.02,0.82,1.14,-8.40,3.80,-2.23,3.47,-4.20,0.50,0.00,4.10,1.84,0.98,1.10,2.50,0.10,3.80,1.82,0.84,1.30,2.50,40.30,82.50,61.08,13.72,48.80,76.10,0,16,0,0
VC6M60B2,2024-12-23 12:28:32,2025-01-05 20:08:32,319.67,13.00,-4.90,8.40,1.11,8.41,41.00,52.00,46.31,2.19,1.00,1.10,1.00,0.00,-1.40,3.10,-8.15,9.85,45.00,48.00,40.50,52.50,1.00,1.00,1.00,1.00,-99.90,10.10,-1.82,19.28,-0.80,4.00,-99.90,5.60,-1.68,19.06,0.90,2.90,-99.90,6.50,-1.70,19.06,0.90,2.70,-99.90,96.00,60.56,34.72,52.90,77.70,0,0,3,0
VC6M60B5,2024-12-17 09:11:13,2024-12-24 11:11:13,170.00,7.00,2.50,24.70,20.82,15.26,17.00,56.00,23.02,5.47,1.00,1.50,1.01,0.05,21.00,22.30,19.05,24.25,20.00,25.00,12.50,32.50,1.00,1.00,1.00,1.00,-8.70,9.10,-1.53,3.68,-4.30,1.40,0.00,7.70,1.82,1.15,1.00,2.40,0.00,5.10,1.78,1.02,1.00,2.40,24.70,90.50,70.21,14.58,60.70,82.30,63,34,31,0
VC6M60B7,2024-11-25 16:49:57,2024-11-28 20:09:57,75.33,3.00,2.00,15.90,10.92,10.58,46.00,64.00,56.82,4.86,1.00,1.40,1.02,0.07,10.00,13.80,4.30,19.50,52.00,60.00,40.00,72.00,1.00,1.00,1.00,1.00,1.90,15.90,9.93,3.58,7.80,13.00,0.00,10.90,4.84,3.48,2.30,7.90,0.00,8.90,4.49,2.94,2.48,7.20,42.40,96.70,73.29,18.16,55.30,91.13,3,0,10,0
VC6M60B8,2024-11-18 13:52:12,2025-01-17 14:02:12,1440.17,60.00,-10.50,18.30,0.27,15.42,15.00,70.00,50.08,6.44,0.90,1.50,0.99,0.03,-2.40,2.90,-10.35,10.85,47.00,54.00,36.50,64.50,0.98,0.99,0.96,1.00,-15.20,9.20,-1.76,4.70,-4.60,2.10,0.00,7.40,2.01,1.29,1.10,2.60,0.00,6.60,2.02,1.16,1.20,2.60,-99.20,93.80,65.43,17.61,51.90,79.60,35,114,807,0
VC6M60BA,2024-11-23 10:48:27,2024-11-24 05:08:27,18.33,0.00,5.40,15.30,10.29,9.18,40.00,57.00,53.12,4.45,0.94,1.30,1.02,0.04,7.55,12.67,-0.14,20.36,49.00,57.00,37.00,69.00,1.02,1.02,1.02,1.02,1.70,13.10,7.65,3.67,3.80,11.30,-99.50,3.50,0.23,9.65,0.00,1.90,-99.90,2.80,0.19,9.68,0.00,1.80,31.30,87.20,58.25,18.26,41.00,76.90,0,0,42,0
VC6M60BC,2024-11-22 14:46:33,2024-11-27 15:16:33,120.50,5.00,-0.90,14.30,8.52,12.68,40.00,64.00,58.62,3.02,1.10,1.50,1.11,0.03,6.70,10.90,0.40,17.20,57.00,61.00,51.00,67.00,1.10,1.10,1.10,1.10,-2.70,15.60,5.89,4.66,2.30,9.60,-99.50,12.00,-3.30,22.63,0.30,2.80,-99.90,8.80,-2.29,20.60,0.40,2.80,-99.20,97.40,42.96,62.95,47.70,82.10,29,16,145,0
VC6M60C0,2024-11-30 09:19:33,2025-01-23 23:59:33,1310.67,54.00,-10.80,16.00,1.55,18.78,40.00,94.00,61.34,8.99,0.87,2.60,0.96,0.07,-1.10,3.80,-8.45,11.15,55.00,66.00,38.50,82.50,0.93,1.00,0.83,1.10,-15.20,17.20,0.13,5.55,-3.60,4.03,0.00,9.10,2.08,1.34,1.20,2.70,0.00,6.60,2.06,1.23,1.20,2.70,13.80,97.70,67.40,17.98,54.00,82.30,163,98,56,1
VC6M60C1,2024-12-02 14:06:09,2024-12-09 00:26:09,154.33,6.00,2.20,18.10,8.33,14.65,49.00,66.00,59.01,3.65,1.00,1.56,1.01,0.05,5.60,10.70,-2.05,18.35,56.00,61.00,48.50,68.50,1.00,1.00,1.00,1.00,0.90,17.60,6.59,3.54,4.00,8.70,0.20,9.10,3.61,1.57,2.50,4.40,0.40,8.40,3.65,1.42,2.73,4.40,15.50,70.50,44.23,14.59,34.10,53.90,0,0,46,1
VC6M60C3,2024-11-16 03:38:22,2025-01-10 06:38:22,1323.00,55.00,-8.80,16.10,1.74,8.52,48.00,72.00,57.01,4.61,0.86,1.30,0.92,0.05,0.40,3.30,-3.95,7.65,54.00,60.00,45.00,69.00,0.86,0.94,0.74,1.06,-99.90,16.90,-0.80,5.00,-3.30,2.60,-99.90,7.40,1.85,2.43,0.90,2.50,-99.90,7.20,1.87,2.37,1.00,2.50,-99.20,93.80,67.09,16.09,56.10,79.60,153,21,20,0
VC6M60C6,2024-12-18 19:36:02,2024-12-18 23:26:02,3.83,0.00,-1.50,0.90,-0.13,0.46,38.00,40.00,39.00,0.72,1.00,1.10,1.01,0.02,-0.55,0.43,-2.01,1.89,38.75,39.25,38.00,40.00,1.01,1.01,1.01,1.01,-3.60,-2.00,-2.85,0.52,-3.30,-2.40,1.60,3.00,2.35,0.52,2.05,2.63,1.80,2.70,2.29,0.34,2.10,2.55,58.50,61.90,60.51,1.19,59.50,61.38,0,0,5,0
VC6M60C7,2024-11-30 10:18:39,2025-01-13 08:08:39,1053.83,43.00,-10.20,12.10,1.45,16.71,41.00,76.00,55.39,5.99,0.91,1.41,1.03,0.05,-0.70,3.70,-7.30,10.30,52.00,58.00,43.00,67.00,1.00,1.06,0.91,1.15,-15.20,10.00,-0.70,4.96,-3.60,3.00,0.00,7.40,1.87,1.31,1.00,2.40,0.00,7.90,1.90,1.20,1.10,2.40,-99.20,97.30,68.47,16.70,56.10,81.60,182,206,59,0
VC6M60C8,2024-12-17 10:40:56,2025-01-23 23:50:56,901.17,37.00,-0.60,25.20,21.52,7.77,13.00,54.00,20.31,4.34,1.00,1.42,1.01,0.02,20.50,23.10,16.60,27.00,17.00,23.00,8.00,32.00,1.00,1.01,0.98,1.02,-15.20,10.00,-0.76,4.52,-3.50,2.60,0.00,7.40,1.95,1.23,1.10,2.60,0.00,7.20,1.95,1.10,1.20,2.50,23.40,93.80,67.04,16.09,55.00,80.00,158,48,36,0
VC6M60C9,2024-11-16 09:42:33,2024-11-20 10:02:33,96.33,4.00,9.30,23.00,12.43,4.41,56.00,67.00,56.53,1.76,1.10,1.40,1.11,0.05,11.60,12.70,9.95,14.35,56.00,56.00,56.00,56.00,1.10,1.10,1.10,1.10,1.80,18.80,4.26,3.43,2.63,4.18,0.00,2.50,0.62,0.55,0.08,0.80,0.00,2.90,0.62,0.48,0.30,0.70,43.30,79.40,71.67,6.19,69.30,76.05,9,15,5,0
VC6M60CA,2024-11-14 18:57:04,2024-12-20 05:37:04,850.67,35.00,-7.60,20.50,3.29,101.36,53.00,65.00,59.16,2.34,0.90,1.00,0.92,0.03,-3.30,18.60,-36.15,51.45,58.00,61.00,53.50,65.50,0.91,0.91,0.91,0.91,-99.90,17.20,1.29,14.55,-3.05,14.10,-99.90,5.40,0.18,12.32,0.90,2.20,-99.90,5.00,0.16,12.32,0.90,2.18,-99.90,84.40,61.52,23.15,53.78,74.10,0,1,103,0
VC6M60CB,2024-11-20 12:04:34,2024-11-21 17:34:34,29.50,1.00,6.50,13.50,9.46,4.14,44.00,60.00,57.79,2.87,1.10,1.40,1.11,0.04,8.00,10.70,3.95,14.75,57.50,59.00,55.25,61.25,1.10,1.10,1.10,1.10,5.10,13.80,8.53,2.61,6.40,9.70,-99.50,3.90,0.65,7.75,0.70,1.50,0.00,3.20,1.24,0.65,0.80,1.50,-99.20,94.80,76.79,20.12,66.80,90.20,0,25,19,0
VC6M60CC,2024-11-23 09:34:43,2024-11-23 14:44:43,5.17,0.00,3.30,7.30,5.83,1.57,86.00,89.00,87.78,0.91,0.88,1.14,1.04,0.05,4.83,6.75,1.94,9.64,87.00,89.00,84.00,92.00,1.03,1.04,1.02,1.06,1.50,11.80,9.19,2.86,7.50,11.40,0.10,2.60,1.58,0.73,1.40,1.90,0.30,2.00,1.48,0.50,1.20,1.80,33.70,76.10,43.17,11.69,38.00,46.70,0,0,12,0
VC6M60CD,2024-12-16 13:49:46,2025-01-10 20:19:46,606.50,25.00,-9.60,8.20,1.30,10.21,51.00,64.00,57.21,2.77,0.93,1.36,1.00,0.05,-0.10,3.20,-5.05,8.15,55.00,59.00,49.00,65.00,0.98,1.00,0.95,1.03,-15.20,10.00,-0.96,4.50,-3.50,2.30,0.00,7.70,1.93,1.36,0.90,2.50,0.00,7.20,1.94,1.23,1.00,2.50,25.90,93.80,67.83,15.49,57.05,80.30,151,0,956,0
VC6M60CE,2024-12-24 14:28:13,2025-01-09 19:28:13,389.00,16.00,-5.10,9.30,1.02,8.29,39.00,78.00,59.36,7.94,1.00,1.10,1.08,0.02,-1.00,2.90,-6.85,8.75,55.00,65.00,40.00,80.00,1.09,1.09,1.09,1.09,-13.40,10.00,-0.38,4.05,-2.90,2.60,0.00,7.40,1.92,1.37,0.90,2.50,0.00,7.20,1.94,1.24,1.00,2.50,25.90,93.80,66.69,15.78,56.00,79.40,13,12,527,0
VC6M60D0,2024-11-18 08:50:05,2025-01-14 03:00:05,1362.17,56.00,-13.10,6.90,-3.12,13.35,29.00,64.00,56.95,4.76,0.98,1.30,1.02,0.04,-4.90,-0.40,-11.65,6.35,53.00,60.00,42.50,70.50,0.99,1.03,0.93,1.09,-15.20,5.30,-4.55,4.70,-7.30,-1.50,0.00,7.40,1.95,1.30,1.00,2.50,0.10,6.60,2.01,1.18,1.30,2.45,20.60,90.20,69.16,14.05,56.10,80.50,53,10,49,0
VC6M60D1,2024-12-16 12:07:40,2025-01-07 19:37:40,535.50,22.00,-4.40,8.40,2.19,5.57,48.00,72.00,56.91,4.15,0.85,2.97,0.92,0.06,0.60,3.70,-4.05,8.35,54.00,60.00,45.00,69.00,0.92,0.94,0.89,0.97,-7.10,10.00,0.29,3.62,-2.48,3.00,0.00,7.20,1.83,1.28,0.90,2.40,0.00,7.20,1.83,1.16,0.93,2.40,25.90,93.80,66.40,15.85,55.93,79.40,14,21,413,1
VC6M60D4,2024-11-15 13:55:56,2024-11-23 10:05:56,188.17,7.00,2.20,26.80,19.73,27.13,38.00,66.00,49.61,8.32,0.94,1.30,1.02,0.04,18.50,23.20,11.45,30.25,44.00,57.00,24.50,76.50,0.98,1.07,0.84,1.20,-4.40,24.10,7.82,6.56,2.20,11.80,0.00,5.20,2.07,1.15,1.20,2.60,0.00,4.90,2.02,1.08,1.30,2.70,22.40,92.90,63.46,19.47,46.60,81.30,91,0,2,0
VC6M60D5,2024-12-16 19:15:49,2024-12-28 08:05:49,276.83,11.00,-5.70,42.40,19.84,305.08,49.00,95.00,75.04,15.81,0.90,3.30,1.00,0.09,2.30,35.30,-47.20,84.80,59.00,87.00,17.00,129.00,0.96,1.02,0.87,1.11,-99.90,7.00,-6.68,21.91,-4.50,1.40,-99.90,7.70,-3.61,22.34,0.50,2.20,-99.90,4.40,-3.62,22.33,0.50,2.10,-99.90,98.60,60.03,40.20,53.60,81.45,0,0,25,1
VC6M60D6,2024-12-14 18:31:42,2024-12-29 04:21:42,345.83,14.00,-9.30,7.70,1.09,8.65,47.00,67.00,58.88,3.81,0.99,1.51,1.04,0.04,-0.70,3.00,-6.25,8.55,56.00,61.00,48.50,68.50,1.01,1.08,0.90,1.18,-99.90,6.20,-0.72,6.22,-2.80,2.10,-99.90,7.70,1.49,5.65,0.90,2.40,-99.90,6.30,1.48,5.62,0.90,2.40,-99.90,97.70,67.66,16.76,58.10,79.10,47,27,5,1
VC6M60D7,2024-12-16 13:36:10,2025-01-04 13:56:10,456.33,19.00,-4.30,8.00,2.06,6.55,51.00,66.00,56.77,3.27,0.92,1.17,0.97,0.04,0.10,3.80,-5.45,9.35,54.00,59.00,46.50,66.50,0.94,0.99,0.86,1.06,-7.10,10.00,0.25,3.80,-2.60,3.00,0.00,7.20,1.72,1.22,0.90,2.20,0.00,7.20,1.76,1.09,0.90,2.40,25.90,89.70,65.38,15.52,54.70,78.00,0,0,19,0
VC6M60DA,2024-12-12 22:30:03,2024-12-13 08:10:03,9.67,0.00,0.90,2.60,1.71,0.31,44.00,51.00,49.29,1.73,0.90,1.20,0.92,0.05,1.15,2.20,-0.43,3.78,48.00,51.00,43.50,55.50,0.90,0.90,0.90,0.90,-0.50,2.20,0.91,0.86,0.15,2.00,0.00,2.80,1.11,0.86,0.40,1.80,0.30,2.80,1.25,0.80,0.70,1.60,49.40,65.50,55.30,4.34,53.20,58.05,0,0,6,0
VC6M60DB,2024-12-19 15:38:09,2024-12-26 17:28:09,169.83,7.00,-5.50,8.30,0.73,11.15,51.00,67.00,60.38,3.49,0.92,1.32,0.98,0.03,-2.00,3.20,-9.80,11.00,58.00,63.00,50.50,70.50,0.97,1.00,0.92,1.04,-99.90,6.20,-0.81,8.29,-2.40,2.30,-99.90,7.70,1.16,7.87,0.90,2.32,-99.90,5.00,1.15,7.84,0.90,2.40,-99.90,90.50,69.61,18.53,60.65,81.90,0,0,23,0
VC6M60DD,2024-12-10 02:20:38,2024-12-10 19:40:38,17.33,0.00,-0.70,8.80,3.62,10.69,46.00,65.00,56.69,7.02,1.00,1.40,1.19,0.12,1.30,6.30,-6.20,13.80,50.00,62.00,32.00,80.00,1.10,1.30,0.80,1.60,-5.90,5.30,0.53,2.73,0.10,2.40,-99.50,2.10,-6.54,27.94,0.40,1.70,0.00,1.80,1.08,0.65,0.90,1.70,-99.20,94.50,58.81,49.19,63.00,79.80,0,0,0,0
VC6M60E1,2024-12-09 20:35:14,2024-12-10 17:05:14,20.50,0.00,3.40,12.00,8.39,6.28,42.00,58.00,47.81,4.24,1.00,1.41,1.11,0.11,6.35,10.28,0.46,16.16,45.00,50.00,37.50,57.50,1.01,1.11,0.86,1.26,0.30,6.50,4.42,2.01,3.70,6.40,0.20,2.90,1.20,0.68,1.10,1.60,0.40,2.50,1.26,0.53,1.20,1.50,38.60,83.40,56.98,13.99,41.00,64.00,0,1,2,0
VC6M60E3,2024-12-07 14:40:17,2024-12-10 21:00:17,78.33,3.00,-3.50,8.20,0.08,5.42,42.00,53.00,49.66,2.46,1.00,1.30,1.02,0.04,-1.60,1.10,-5.65,5.15,48.00,52.00,42.00,58.00,1.00,1.00,1.00,1.00,-3.50,6.30,-0.47,1.91,-1.90,0.90,0.70,9.20,3.29,1.61,2.10,4.20,0.50,5.80,3.14,1.15,2.40,3.90,31.60,70.80,51.75,10.17,44.00,60.60,13,0,43,0
VC6M60E4,2024-12-06 13:58:23,2024-12-07 08:38:23,18.67,0.00,0.80,12.20,4.83,12.28,36.00,49.00,46.33,4.19,1.10,1.72,1.15,0.11,2.25,6.50,-4.13,12.88,45.50,49.00,40.25,54.25,1.10,1.10,1.10,1.10,-99.90,6.30,0.51,12.68,-0.90,3.20,-99.90,4.70,1.37,12.63,1.90,4.05,-99.90,5.00,1.21,12.60,1.55,3.70,-99.20,64.20,55.65,19.62,55.35,60.60,0,11,14,1
VC6M60E5,2024-12-10 00:50:08,2024-12-10 08:20:08,7.50,0.00,-3.60,3.20,-1.31,5.59,57.00,69.00,60.70,2.72,1.00,1.40,1.04,0.08,-3.40,0.83,-9.74,7.16,59.00,63.00,53.00,69.00,1.00,1.01,0.98,1.02,-6.70,1.50,-1.89,1.20,-2.38,-1.60,0.00,2.00,0.57,0.44,0.30,0.70,0.00,2.00,0.54,0.36,0.30,0.80,70.20,91.90,83.10,4.03,81.35,84.40,0,0,9,0
VC6M60E6,2024-12-12 20:31:44,2024-12-17 21:51:44,121.33,5.00,0.60,8.50,5.21,4.40,37.00,50.00,44.72,2.76,1.00,1.30,1.01,0.04,3.30,7.10,-2.40,12.80,43.00,47.00,37.00,53.00,1.00,1.00,1.00,1.00,-0.40,9.40,3.98,2.54,1.80,5.90,0.30,9.60,4.20,1.82,3.00,5.40,0.50,9.20,4.18,1.67,2.90,5.10,23.60,80.90,44.61,10.18,37.00,51.40,0,0,30,0
VC6M60E8,2024-11-30 02:04:04,2024-12-11 06:24:04,268.33,11.00,3.00,11.30,7.93,2.58,58.00,76.00,63.15,1.67,0.00,1.40,0.92,0.08,6.90,9.00,3.75,12.15,62.00,64.00,59.00,67.00,0.90,0.90,0.90,0.90,1.10,12.70,6.80,2.24,4.70,8.40,0.00,9.10,3.56,1.62,2.40,4.50,0.50,6.60,3.54,1.42,2.30,4.50,-99.20,89.80,45.76,18.50,40.80,52.30,3,7,51,0
VC6M60E9,2024-11-29 19:23:35,2024-12-02 18:53:35,71.50,2.00,-0.30,10.20,4.82,6.36,54.00,73.00,60.14,4.52,1.00,1.30,1.09,0.03,2.88,7.03,-3.35,13.25,56.75,62.00,48.88,69.88,1.10,1.10,1.10,1.10,-0.20,15.40,5.33,3.44,3.00,7.30,-99.50,5.70,-11.98,34.07,0.00,1.70,-99.90,6.30,-12.03,34.20,0.00,1.60,59.70,97.90,87.64,10.28,81.80,96.80,0,21,61,0
VC6M60EC,2024-12-14 20:25:32,2025-01-14 14:25:32,738.00,30.00,-13.00,11.10,-1.49,19.16,39.00,91.00,56.68,7.08,0.91,2.10,1.02,0.11,-3.90,0.90,-11.10,8.10,52.00,62.00,37.00,77.00,0.93,1.10,0.68,1.36,-15.20,8.20,-3.24,4.70,-6.80,-0.10,0.00,11.00,2.22,2.01,1.00,2.60,0.00,10.40,2.27,1.98,1.00,2.68,-99.20,93.40,67.19,15.06,54.25,79.70,67,14,8,1
VC6M60ED,2024-11-30 04:44:42,2024-12-03 23:44:42,91.00,3.00,1.00,7.80,3.38,7.43,53.00,75.00,66.27,8.76,1.10,1.43,1.15,0.09,1.55,7.10,-6.77,15.42,54.00,72.00,27.00,99.00,1.10,1.20,0.95,1.35,-4.70,4.90,0.88,2.16,-0.30,2.20,0.00,3.30,0.84,0.94,0.40,1.08,0.10,2.90,0.80,0.80,0.33,0.90,-99.20,96.30,70.67,33.07,69.63,79.23,0,0,1,0
VC6M60EF,2024-11-29 15:58:14,2025-01-23 23:58:14,1328.00,55.00,-10.80,11.90,0.93,14.71,44.00,70.00,55.17,4.63,0.92,1.59,0.99,0.04,-1.40,3.10,-8.15,9.85,52.00,57.00,44.50,64.50,0.96,1.03,0.85,1.14,-15.20,10.00,-0.74,4.76,-3.70,3.00,0.00,7.40,2.02,1.27,1.20,2.60,0.00,7.90,2.02,1.17,1.20,2.50,-99.20,94.70,66.94,16.96,54.20,80.35,166,202,7,1
VC6M60F0,2024-12-17 09:10:12,2025-01-23 23:50:12,902.67,37.00,-1.50,25.30,21.11,12.83,13.00,55.00,20.94,4.92,1.00,1.53,1.02,0.03,20.40,22.90,16.65,26.65,18.00,23.00,10.50,30.50,1.01,1.01,1.01,1.01,-8.90,10.00,-0.03,4.07,-3.00,3.10,0.00,7.20,1.95,1.18,1.20,2.60,0.00,7.20,1.94,1.06,1.20,2.50,21.00,91.40,66.47,16.42,54.30,80.00,231,91,166,1
VC6M6126,2025-01-19 02:12:21,2025-01-21 17:02:21,62.83,2.00,-2.90,9.70,4.36,13.22,42.00,54.00,47.62,3.28,1.10,1.30,1.10,0.02,1.30,7.60,-8.15,17.05,44.00,50.00,35.00,59.00,1.10,1.10,1.10,1.10,-2.50,10.20,3.03,3.28,0.60,5.80,-99.50,3.10,-0.62,12.60,0.00,1.40,-99.90,3.40,-0.65,12.65,0.13,1.50,46.50,97.80,81.99,15.66,66.90,96.00,0,0,9,0
VC6M6139,2025-01-23 22:42:07,2025-01-23 23:52:07,1.17,0.00,0.20,0.80,0.44,0.05,51.00,54.00,52.62,0.92,1.00,1.30,1.18,0.09,0.30,0.55,-0.08,0.93,52.00,53.00,50.50,54.50,1.18,1.20,1.14,1.24,-6.20,-0.30,-3.05,2.77,-5.30,-0.60,0.00,2.00,1.10,0.78,0.75,1.55,0.20,1.90,0.90,0.66,0.58,1.08,61.10,89.60,74.48,13.59,62.30,85.78,0,0,3,0
VC6M6198,2025-01-21 21:04:32,2025-01-22 13:54:32,16.83,0.00,0.60,4.10,1.85,1.25,50.00,60.00,54.97,2.48,1.00,1.47,1.01,0.06,0.90,3.00,-2.25,6.15,53.00,57.00,47.00,63.00,1.00,1.00,1.00,1.00,-3.80,2.90,-0.65,2.10,-2.30,1.40,0.00,2.60,0.73,0.93,0.00,1.80,0.00,2.70,0.69,0.95,0.00,1.50,-99.20,98.00,92.10,27.58,96.30,97.50,0,0,7,0
VC6M619A,2025-01-21 21:55:42,2025-01-23 23:55:42,50.00,2.00,-0.20,5.90,2.95,3.23,53.00,74.00,61.02,5.15,1.00,1.24,1.01,0.03,1.30,4.50,-3.50,9.30,56.00,63.00,45.50,73.50,1.00,1.01,0.98,1.02,-3.80,5.60,1.39,2.68,-1.20,3.60,0.00,3.80,1.47,0.99,0.80,2.30,0.00,3.40,1.52,0.98,0.80,2.50,29.00,96.50,74.91,21.47,69.60,90.40,0,1,12,0
VC6M61A3,2025-01-22 14:37:40,2025-01-23 23:27:40,32.83,1.00,6.20,9.80,6.88,1.45,44.00,48.00,46.67,1.15,1.00,1.30,1.04,0.10,6.30,6.58,5.89,6.99,46.75,47.00,46.38,47.38,1.00,1.00,1.00,1.00,-1.10,5.10,0.27,2.04,-0.65,-0.22,0.20,2.30,1.34,0.73,0.95,1.70,0.10,2.80,1.36,0.83,1.00,1.70,65.40,79.60,68.05,4.17,65.40,69.50,2,5,2,0
VC6M61A5,2025-01-22 02:05:54,2025-01-22 08:15:54,6.17,0.00,0.00,2.50,1.65,0.42,76.00,79.00,77.45,1.26,1.10,1.30,1.13,0.06,1.60,2.00,1.00,2.60,76.25,79.00,72.12,83.12,1.10,1.12,1.07,1.15,0.50,3.30,1.71,0.98,0.63,2.50,0.60,3.30,1.61,0.93,0.60,2.10,0.20,3.00,1.45,0.95,0.50,2.20,80.20,91.70,86.13,4.86,81.00,91.55,4,0,5,0
VC6M61A9,2025-01-22 11:33:38,2025-01-23 23:53:38,36.33,1.00,-0.30,7.50,3.44,5.54,60.00,68.00,64.34,2.23,1.10,1.50,1.11,0.04,1.50,5.30,-4.20,11.00,62.00,66.00,56.00,72.00,1.10,1.10,1.10,1.10,-3.20,6.00,1.12,3.06,-1.40,4.60,0.00,2.80,1.10,0.87,0.35,1.80,0.00,2.60,1.07,0.80,0.40,1.60,29.00,95.00,65.47,21.56,50.50,86.60,0,0,9,0
VC6M61B6,2025-01-22 08:39:13,2025-01-23 23:59:13,39.33,1.00,2.00,6.70,4.14,2.17,54.00,68.00,57.91,2.42,1.00,1.40,1.10,0.12,2.90,5.35,-0.77,9.02,56.00,59.00,51.50,63.50,1.00,1.10,0.84,1.26,-1.30,2.00,0.34,1.04,-0.40,0.80,1.00,3.80,2.10,0.99,1.30,3.00,1.00,3.00,1.91,0.74,1.30,2.80,68.40,99.90,77.79,8.87,73.00,83.40,0,1,6,0
VC6M61C3,2025-01-22 11:48:21,2025-01-22 16:38:21,4.83,0.00,5.90,7.70,7.04,0.31,58.00,62.00,59.07,1.01,1.00,1.30,1.05,0.10,6.70,7.50,5.50,8.70,58.00,60.00,55.00,63.00,1.00,1.01,0.99,1.02,2.10,4.40,3.44,0.88,2.70,4.10,0.00,2.60,1.37,0.62,0.93,1.50,0.30,2.50,1.51,0.58,1.03,2.03,-99.20,99.90,66.90,46.10,71.70,84.80,0,0,7,0
VC6M61C4,2025-01-22 03:49:34,2025-01-23 23:59:34,44.17,1.00,0.80,6.50,2.78,1.58,53.00,65.00,56.77,1.69,1.10,1.32,1.10,0.02,1.83,3.58,-0.80,6.20,56.00,57.00,54.50,58.50,1.10,1.10,1.10,1.10,-3.20,5.60,0.39,2.84,-1.60,3.00,0.00,2.70,1.06,0.86,0.23,1.80,0.00,2.60,1.05,0.81,0.23,1.60,-99.20,94.70,67.96,30.10,55.30,90.40,2,19,3,0
VC6M61ED,2025-01-23 21:41:35,2025-01-23 21:51:35,0.17,0.00,1.40,1.70,1.55,0.04,46.00,47.00,46.50,0.71,1.22,1.30,1.26,0.06,1.47,1.63,1.25,1.85,46.25,46.75,45.50,47.50,1.24,1.28,1.18,1.34,-2.00,-2.00,-2.00,0.00,-2.00,-2.00,0.50,0.50,0.50,0.00,0.50,0.50,0.60,0.60,0.60,0.00,0.60,0.60,72.20,72.20,72.20,0.00,72.20,72.20,0,0,0,0
VC6ML002,2024-12-09 11:08:42,2024-12-21 02:08:42,279.00,11.00,2.30,24.90,21.04,17.57,15.00,57.00,24.69,7.28,1.00,1.89,1.09,0.06,20.80,23.00,17.50,26.30,20.00,27.00,9.50,37.50,1.10,1.10,1.10,1.10,-8.40,10.10,0.32,3.09,-1.70,2.45,0.00,6.30,1.65,0.96,0.90,2.30,0.00,4.60,1.64,0.86,1.00,2.20,30.70,97.60,67.45,15.75,53.80,80.05,91,91,244,1
VC6ML003,2024-12-09 10:43:19,2024-12-24 14:53:19,364.17,15.00,-0.90,25.00,19.98,24.27,13.00,64.00,24.22,8.83,1.00,1.50,1.01,0.05,20.30,22.50,17.00,25.80,19.00,26.00,8.50,36.50,1.00,1.00,1.00,1.00,-8.10,10.10,0.29,3.28,-1.90,2.30,0.00,7.70,1.78,1.08,1.00,2.50,0.00,5.80,1.75,0.97,1.00,2.30,31.00,97.60,68.08,15.64,55.20,81.20,198,144,170,0
