#group,false,false,true,true,false,true,true,true,false,false,false,false,false,false,false,false,false,false,false,false,false,false,false,false,false,false,false,false
#datatype,string,long,dateTime:RFC3339,dateTime:RFC3339,dateTime:RFC3339,string,string,string,double,double,double,double,double,double,double,long,double,double,double,long,long,double,double,double,double,double,double,double
#default,_result,,,,,,,,,,,,,,,,,,,,,,,,,,,
,result,table,_start,_stop,_time,_measurement,region,serial,temperature,tilty,ap,accy,tiltz,tiltx,shock,ingest_time,battery,lat,humidity,src,lbstime,motion,acc,accz,accx,mktPreCalc,exp,lon
,,0,2024-12-07T00:00:00Z,2024-12-07T23:59:00Z,2024-12-07T04:25:00Z,device_total_measurements,west,VC6M6019,,,,,,,,1733545820294,100,36.8120106,,2,,,,,,,,127.0488244
,,0,2024-12-07T00:00:00Z,2024-12-07T23:59:00Z,2024-12-07T04:28:00Z,device_total_measurements,west,VC6M6019,,,,,,,,1733545820294,100,36.8120106,,2,,,,,,,,127.0488244
,,0,2024-12-07T00:00:00Z,2024-12-07T23:59:00Z,2024-12-07T04:28:49Z,device_total_measurements,west,VC6M6019,8.1,-88.6,18350,-1,0,-1.4,0,1733545820421,,,41,,1733545500000,0,1,0,0,0.0000000000000003617582309283249,348.8,
,,0,2024-12-07T00:00:00Z,2024-12-07T23:59:00Z,2024-12-07T04:38:49Z,device_total_measurements,west,VC6M6019,8,-89.4,0,-1,-0.5,-0.3,0,1733546488820,,,39,,1733545680000,0,1,0,0,0.00000000000000035721207267206828,3679.2,
,,0,2024-12-07T00:00:00Z,2024-12-07T23:59:00Z,2024-12-07T04:41:00Z,device_total_measurements,west,VC6M6019,,,,,,,,1733546488787,100,36.8120106,,2,,,,,,,,127.0488244
,,0,2024-12-07T00:00:00Z,2024-12-07T23:59:00Z,2024-12-07T04:48:00Z,device_total_measurements,west,VC6M6019,,,,,,,,1733546915430,100,36.792512,,1,,,,,,,,127.070352
,,0,2024-12-07T00:00:00Z,2024-12-07T23:59:00Z,2024-12-07T04:48:49Z,device_total_measurements,west,VC6M6019,7.9,-86.3,0,-1,0.6,-3.6,0,1733546915440,,,40,,1733546460000,0,1,0.1,0,0.00000000000000035271987096708003,0,
,,0,2024-12-07T00:00:00Z,2024-12-07T23:59:00Z,2024-12-07T04:58:49Z,device_total_measurements,west,VC6M6019,7.6,-89.6,0,-1.1,0,0.4,0,1733548115359,,,40,,1733546880000,1,1.1,0,0,0.0000000000000003395610209498701,0,
,,0,2024-12-07T00:00:00Z,2024-12-07T23:59:00Z,2024-12-07T05:01:00Z,device_total_measurements,west,VC6M6019,,,,,,,,1733548116403,100,36.884899,,1,,,,,,,,127.043229
,,0,2024-12-07T00:00:00Z,2024-12-07T23:59:00Z,2024-12-07T05:08:00Z,device_total_measurements,west,VC6M6019,,,,,,,,1733548116403,100,36.954918,,1,,,,,,,,126.988926
,,0,2024-12-07T00:00:00Z,2024-12-07T23:59:00Z,2024-12-07T05:08:49Z,device_total_measurements,west,VC6M6019,8,-87.3,0,-1.2,0.4,-2.6,0,1733548115359,,,39,,1733547660000,1,1.2,0.1,-0.2,0.00000000000000035721207267206828,0,
,,0,2024-12-07T00:00:00Z,2024-12-07T23:59:00Z,2024-12-07T05:18:49Z,device_total_measurements,west,VC6M6019,7.7,-87.6,0,-1.1,-0.7,-2.3,0,1733548885281,,,41,,1733548080000,1,1.1,0,-0.1,0.0000000000000003438949372932691,0,
,,0,2024-12-07T00:00:00Z,2024-12-07T23:59:00Z,2024-12-07T05:21:00Z,device_total_measurements,west,VC6M6019,,,,,,,,1733548886286,100,37.036169,,1,,,,,,,,127.028355
,,0,2024-12-07T00:00:00Z,2024-12-07T23:59:00Z,2024-12-07T05:28:00Z,device_total_measurements,west,VC6M6019,,,,,,,,1733549322635,100,37.127255,,1,,,,,,,,127.000641
,,0,2024-12-07T00:00:00Z,2024-12-07T23:59:00Z,2024-12-07T05:28:49Z,device_total_measurements,west,VC6M6019,8.3,-87.4,0,-1.3,-0.7,-2.5,0,1733549321589,,,40,,1733548860000,1,1.3,0,0,0.0000000000000003710148549242017,0,
,,0,2024-12-07T00:00:00Z,2024-12-07T23:59:00Z,2024-12-07T05:38:49Z,device_total_measurements,west,VC6M6019,8.2,-87.3,0,-1,0.5,-2.6,0,1733550094033,,,41,,1733549280000,0,1,0,0,0.00000000000000036635895359827073,0,
,,0,2024-12-07T00:00:00Z,2024-12-07T23:59:00Z,2024-12-07T05:41:00Z,device_total_measurements,west,VC6M6019,,,,,,,,1733550094696,100,37.175357,,1,,,,,,,,126.997583
,,0,2024-12-07T00:00:00Z,2024-12-07T23:59:00Z,2024-12-07T05:48:49Z,device_total_measurements,west,VC6M6019,8.4,-88.6,0,-1.2,0.1,1.4,0,1733550532619,,,39,,1733550060000,1,1.2,0,0.1,0.00000000000000037572655559013755,0,
,,0,2024-12-07T00:00:00Z,2024-12-07T23:59:00Z,2024-12-07T05:49:00Z,device_total_measurements,west,VC6M6019,,,,,,,,1733550532657,100,37.241861,,1,,,,,,,,126.962735
,,0,2024-12-07T00:00:00Z,2024-12-07T23:59:00Z,2024-12-07T05:58:49Z,device_total_measurements,west,VC6M6019,8,-88,0,-1.7,-2,-0.4,0,1733551269401,,,39,,1733550540000,2,1.7,0,0,0.00000000000000035721207267206828,0,
,,0,2024-12-07T00:00:00Z,2024-12-07T23:59:00Z,2024-12-07T06:01:00Z,device_total_measurements,west,VC6M6019,,,,,,,,1733551269394,100,37.2816458,,3,,,,,,,,126.8605385
,,0,2024-12-07T00:00:00Z,2024-12-07T23:59:00Z,2024-12-07T06:08:49Z,device_total_measurements,west,VC6M6019,8,-83,0,-1,4.1,-5.7,0,1733551783989,,,40,,1733551260000,1,1,0.2,0,0.00000000000000035721207267206828,0,
,,0,2024-12-07T00:00:00Z,2024-12-07T23:59:00Z,2024-12-07T06:09:00Z,device_total_measurements,west,VC6M6019,,,,,,,,1733551787031,100,37.292079,,1,,,,,,,,126.835119
,,0,2024-12-07T00:00:00Z,2024-12-07T23:59:00Z,2024-12-07T06:18:49Z,device_total_measurements,west,VC6M6019,7.6,-87.3,0,-1,0,-2.7,0,1733552383726,,,41,,1733551740000,0,1,0,0,0.0000000000000003395610209498701,0,
,,0,2024-12-07T00:00:00Z,2024-12-07T23:59:00Z,2024-12-07T06:19:00Z,device_total_measurements,west,VC6M6019,,,,,,,,1733552384722,100,37.288166,,1,,,,,,,,126.828954
,,0,2024-12-07T00:00:00Z,2024-12-07T23:59:00Z,2024-12-07T06:28:49Z,device_total_measurements,west,VC6M6019,7.1,-87.6,0,-1,0.1,-2.4,0,1733552984401,,,41,,1733552340000,0,1,0,0,0.00000000000000031865380697794,0,
,,0,2024-12-07T00:00:00Z,2024-12-07T23:59:00Z,2024-12-07T06:29:00Z,device_total_measurements,west,VC6M6019,,,,,,,,1733552984346,100,37.288166,,1,,,,,,,,126.828954
,,0,2024-12-07T00:00:00Z,2024-12-07T23:59:00Z,2024-12-07T06:38:49Z,device_total_measurements,west,VC6M6019,6.7,-87.8,0,-1,0,-2.2,0,1733553683850,,,41,,1733552940000,0,1,0,0,0.00000000000000030280924458066513,0,
,,0,2024-12-07T00:00:00Z,2024-12-07T23:59:00Z,2024-12-07T06:41:00Z,device_total_measurements,west,VC6M6019,,,,,,,,1733553683814,100,37.288166,,1,,,,,,,,126.828954
,,0,2024-12-07T00:00:00Z,2024-12-07T23:59:00Z,2024-12-07T06:48:00Z,device_total_measurements,west,VC6M6019,,,,,,,,1733554117531,100,37.288166,,1,,,,,,,,126.828954
,,0,2024-12-07T00:00:00Z,2024-12-07T23:59:00Z,2024-12-07T06:48:49Z,device_total_measurements,west,VC6M6019,6.4,-87.5,0,-1,-0.6,-2.5,0,1733554117584,,,41,,1733553660000,0,1,0,0,0.00000000000000029141710901874187,0,
,,0,2024-12-07T00:00:00Z,2024-12-07T23:59:00Z,2024-12-07T06:58:49Z,device_total_measurements,west,VC6M6019,6,-88,0,-1,-0.5,-1.9,0,1733554887557,,,42,,1733554080000,0,1,0,0,0.00000000000000027685598545820666,0,
,,0,2024-12-07T00:00:00Z,2024-12-07T23:59:00Z,2024-12-07T07:01:00Z,device_total_measurements,west,VC6M6019,,,,,,,,1733554887532,100,37.288166,,1,,,,,,,,126.828954
,,0,2024-12-07T00:00:00Z,2024-12-07T23:59:00Z,2024-12-07T07:08:00Z,device_total_measurements,west,VC6M6019,,,,,,,,1733555319464,100,37.288166,,1,,,,,,,,126.828954
,,0,2024-12-07T00:00:00Z,2024-12-07T23:59:00Z,2024-12-07T07:08:49Z,device_total_measurements,west,VC6M6019,5.9,-87.4,0,-1,-0.4,-2.6,0,1733555319495,,,42,,1733554860000,0,1,0,0,0.0000000000000002733245634984048,0,
,,0,2024-12-07T00:00:00Z,2024-12-07T23:59:00Z,2024-12-07T07:18:49Z,device_total_measurements,west,VC6M6019,5.4,-87.5,0,-1,-0.3,-2.5,0,1733556084798,,,43,,1733555280000,0,1,0,0,0.0000000000000002562963065992665,0,
,,0,2024-12-07T00:00:00Z,2024-12-07T23:59:00Z,2024-12-07T07:21:00Z,device_total_measurements,west,VC6M6019,,,,,,,,1733556084753,100,37.288166,,1,,,,,,,,126.828954
,,0,2024-12-07T00:00:00Z,2024-12-07T23:59:00Z,2024-12-07T07:28:00Z,device_total_measurements,west,VC6M6019,,,,,,,,1733556518310,100,37.288166,,1,,,,,,,,126.828954
,,0,2024-12-07T00:00:00Z,2024-12-07T23:59:00Z,2024-12-07T07:28:49Z,device_total_measurements,west,VC6M6019,5.4,-87.7,0,-1,-0.5,-2.2,0,1733556518332,,,43,,1733556060000,0,1,0,0,0.0000000000000002562963065992665,0,
,,0,2024-12-07T00:00:00Z,2024-12-07T23:59:00Z,2024-12-07T07:38:49Z,device_total_measurements,west,VC6M6019,5,-87.8,0,-1,-0.4,-2.1,0,1733557286198,,,43,,1733556480000,0,1,0,0,0.00000000000000024340022836850734,0,
,,0,2024-12-07T00:00:00Z,2024-12-07T23:59:00Z,2024-12-07T07:41:00Z,device_total_measurements,west,VC6M6019,,,,,,,,1733557286160,100,37.288166,,1,,,,,,,,126.828954
,,0,2024-12-07T00:00:00Z,2024-12-07T23:59:00Z,2024-12-07T07:48:00Z,device_total_measurements,west,VC6M6019,,,,,,,,1733557716563,100,37.288166,,1,,,,,,,,126.828954
,,0,2024-12-07T00:00:00Z,2024-12-07T23:59:00Z,2024-12-07T07:48:49Z,device_total_measurements,west,VC6M6019,4.9,-87.8,0,-1,-0.3,-2.1,0,1733557716603,,,43,,1733557260000,0,1,0,0,0.00000000000000024027332592177416,0,
,,0,2024-12-07T00:00:00Z,2024-12-07T23:59:00Z,2024-12-07T07:58:49Z,device_total_measurements,west,VC6M6019,4.5,-87.6,0,-1,-0.3,-2.4,0,1733558487558,,,44,,1733557680000,0,1,0,0,0.0000000000000002281410442419132,0,
,,0,2024-12-07T00:00:00Z,2024-12-07T23:59:00Z,2024-12-07T08:01:00Z,device_total_measurements,west,VC6M6019,,,,,,,,1733558487556,100,37.288166,,1,,,,,,,,126.828954
,,0,2024-12-07T00:00:00Z,2024-12-07T23:59:00Z,2024-12-07T08:08:00Z,device_total_measurements,west,VC6M6019,,,,,,,,1733558938221,100,37.288166,,1,,,,,,,,126.828954
,,0,2024-12-07T00:00:00Z,2024-12-07T23:59:00Z,2024-12-07T08:08:49Z,device_total_measurements,west,VC6M6019,4.5,-87.6,0,-1,0,-2.4,0,1733558938248,,,44,,1733558460000,0,1,0,0,0.0000000000000002281410442419132,0,
,,0,2024-12-07T00:00:00Z,2024-12-07T23:59:00Z,2024-12-07T08:18:49Z,device_total_measurements,west,VC6M6019,4.1,-87.4,0,-1,-0.3,-2.6,0,1733559685328,,,44,,1733558880000,0,1,0,0,0.00000000000000021658898225667265,0,
,,0,2024-12-07T00:00:00Z,2024-12-07T23:59:00Z,2024-12-07T08:21:00Z,device_total_measurements,west,VC6M6019,,,,,,,,1733559685311,100,37.288166,,1,,,,,,,,126.828954
,,0,2024-12-07T00:00:00Z,2024-12-07T23:59:00Z,2024-12-07T08:28:00Z,device_total_measurements,west,VC6M6019,,,,,,,,1733560117831,100,37.288166,,1,,,,,,,,126.828954
,,0,2024-12-07T00:00:00Z,2024-12-07T23:59:00Z,2024-12-07T08:28:49Z,device_total_measurements,west,VC6M6019,4,-87.5,0,-1,0,-2.5,0,1733560117776,,,44,,1733559660000,0,1,0,0,0.00000000000000021378853746438104,0,
,,0,2024-12-07T00:00:00Z,2024-12-07T23:59:00Z,2024-12-07T08:38:49Z,device_total_measurements,west,VC6M6019,3.6,-87.4,0,-1,-0.5,-2.6,0,1733560886677,,,45,,1733560080000,0,1,0,0,0.00000000000000020292511180471439,0,
,,0,2024-12-07T00:00:00Z,2024-12-07T23:59:00Z,2024-12-07T08:41:00Z,device_total_measurements,west,VC6M6019,,,,,,,,1733560886637,100,37.288166,,1,,,,,,,,126.828954
,,0,2024-12-07T00:00:00Z,2024-12-07T23:59:00Z,2024-12-07T08:48:00Z,device_total_measurements,west,VC6M6019,,,,,,,,1733561319896,100,37.288166,,1,,,,,,,,126.828954
,,0,2024-12-07T00:00:00Z,2024-12-07T23:59:00Z,2024-12-07T08:48:49Z,device_total_measurements,west,VC6M6019,3.6,-87.6,0,-1,0,-2.4,0,1733561319639,,,45,,1733560860000,0,1,0,0,0.00000000000000020292511180471439,0,
,,0,2024-12-07T00:00:00Z,2024-12-07T23:59:00Z,2024-12-07T08:58:49Z,device_total_measurements,west,VC6M6019,3.1,-87.5,0,-1,-0.4,-2.5,0,1733562088856,,,45,,1733561280000,0,1,0,0,0.00000000000000019007840620376872,0,
,,0,2024-12-07T00:00:00Z,2024-12-07T23:59:00Z,2024-12-07T09:01:00Z,device_total_measurements,west,VC6M6019,,,,,,,,1733562088889,100,37.288166,,1,,,,,,,,126.828954
,,0,2024-12-07T00:00:00Z,2024-12-07T23:59:00Z,2024-12-07T09:08:00Z,device_total_measurements,west,VC6M6019,,,,,,,,1733562517704,100,37.288166,,1,,,,,,,,126.828954
,,0,2024-12-07T00:00:00Z,2024-12-07T23:59:00Z,2024-12-07T09:08:49Z,device_total_measurements,west,VC6M6019,3.1,-87.4,0,-1,-0.5,-2.6,0,1733562517740,,,45,,1733562060000,0,1,0,0,0.00000000000000019007840620376872,0,
,,0,2024-12-07T00:00:00Z,2024-12-07T23:59:00Z,2024-12-07T09:18:49Z,device_total_measurements,west,VC6M6019,2.7,-87.5,0,-1,-0.2,-2.5,0,1733563285723,,,46,,1733562480000,0,1,0,0,0.00000000000000018035834312183727,0,
,,0,2024-12-07T00:00:00Z,2024-12-07T23:59:00Z,2024-12-07T09:21:00Z,device_total_measurements,west,VC6M6019,,,,,,,,1733563285713,100,37.288166,,1,,,,,,,,126.828954
,,0,2024-12-07T00:00:00Z,2024-12-07T23:59:00Z,2024-12-07T09:28:00Z,device_total_measurements,west,VC6M6019,,,,,,,,1733563718103,100,37.288166,,1,,,,,,,,126.828954
,,0,2024-12-07T00:00:00Z,2024-12-07T23:59:00Z,2024-12-07T09:28:49Z,device_total_measurements,west,VC6M6019,2.6,-87.4,0,-1,-0.3,-2.6,0,1733563718073,,,46,,1733563260000,0,1,0,0,0.00000000000000017800277255017444,0,
,,0,2024-12-07T00:00:00Z,2024-12-07T23:59:00Z,2024-12-07T09:38:49Z,device_total_measurements,west,VC6M6019,2.3,-86.9,0,-1,0.3,-3.1,0,1733564492842,,,47,,1733563680000,0,1,0,-0.1,0.00000000000000017110924825020452,0,
,,0,2024-12-07T00:00:00Z,2024-12-07T23:59:00Z,2024-12-07T09:41:00Z,device_total_measurements,west,VC6M6019,,,,,,,,1733564493201,100,37.288166,,1,,,,,,,,126.828954
,,0,2024-12-07T00:00:00Z,2024-12-07T23:59:00Z,2024-12-07T09:48:00Z,device_total_measurements,west,VC6M6019,,,,,,,,1733564919194,100,37.288166,,1,,,,,,,,126.828954
,,0,2024-12-07T00:00:00Z,2024-12-07T23:59:00Z,2024-12-07T09:48:49Z,device_total_measurements,west,VC6M6019,2.3,-87.1,0,-1,0.4,-2.8,0,1733564919141,,,46,,1733564460000,0,1,0,-0.1,0.00000000000000017110924825020452,0,
,,0,2024-12-07T00:00:00Z,2024-12-07T23:59:00Z,2024-12-07T09:58:49Z,device_total_measurements,west,VC6M6019,2,-86.9,0,-1,0.3,-3,0,1733565686105,,,47,,1733564880000,0,1,0,-0.1,0.00000000000000016446852392323495,0,
,,0,2024-12-07T00:00:00Z,2024-12-07T23:59:00Z,2024-12-07T10:01:00Z,device_total_measurements,west,VC6M6019,,,,,,,,1733565686062,100,37.288166,,1,,,,,,,,126.828954
,,0,2024-12-07T00:00:00Z,2024-12-07T23:59:00Z,2024-12-07T10:08:00Z,device_total_measurements,west,VC6M6019,,,,,,,,1733566117935,100,37.288166,,1,,,,,,,,126.828954
,,0,2024-12-07T00:00:00Z,2024-12-07T23:59:00Z,2024-12-07T10:08:49Z,device_total_measurements,west,VC6M6019,2,-87,0,-1,0.4,-3,0,1733566117969,,,47,,1733565660000,0,1,0,-0.1,0.00000000000000016446852392323495,0,
,,0,2024-12-07T00:00:00Z,2024-12-07T23:59:00Z,2024-12-07T10:18:49Z,device_total_measurements,west,VC6M6019,1.7,-86.9,0,-1,0.5,-3.1,0,1733566886869,,,47,,1733566080000,0,1,0,-0.1,0.00000000000000015807186551928251,0,
,,0,2024-12-07T00:00:00Z,2024-12-07T23:59:00Z,2024-12-07T10:21:00Z,device_total_measurements,west,VC6M6019,,,,,,,,1733566886864,100,37.288166,,1,,,,,,,,126.828954
,,0,2024-12-07T00:00:00Z,2024-12-07T23:59:00Z,2024-12-07T10:28:00Z,device_total_measurements,west,VC6M6019,,,,,,,,1733567319774,100,37.288166,,1,,,,,,,,126.828954
,,0,2024-12-07T00:00:00Z,2024-12-07T23:59:00Z,2024-12-07T10:28:49Z,device_total_measurements,west,VC6M6019,1.8,-86.2,0,-1,0.4,-3.7,0,1733567319786,,,47,,1733566860000,0,1,0,-0.1,0.0000000000000001601774939699777,0,
,,0,2024-12-07T00:00:00Z,2024-12-07T23:59:00Z,2024-12-07T10:38:49Z,device_total_measurements,west,VC6M6019,1.5,-86.7,0,-1,0.4,-3.3,0,1733568087588,,,47,,1733567280000,0,1,0,-0.1,0.00000000000000015393883379673563,0,
,,0,2024-12-07T00:00:00Z,2024-12-07T23:59:00Z,2024-12-07T10:41:00Z,device_total_measurements,west,VC6M6019,,,,,,,,1733568087584,100,37.288166,,1,,,,,,,,126.828954
,,0,2024-12-07T00:00:00Z,2024-12-07T23:59:00Z,2024-12-07T10:48:00Z,device_total_measurements,west,VC6M6019,,,,,,,,1733568520019,100,37.288166,,1,,,,,,,,126.828954
,,0,2024-12-07T00:00:00Z,2024-12-07T23:59:00Z,2024-12-07T10:48:49Z,device_total_measurements,west,VC6M6019,1.6,-86.7,0,-1,0.5,-3.3,0,1733568520018,,,47,,1733568060000,0,1,0,-0.1,0.0000000000000001559924141898941,0,
,,0,2024-12-07T00:00:00Z,2024-12-07T23:59:00Z,2024-12-07T10:58:49Z,device_total_measurements,west,VC6M6019,1.4,-86.5,0,-1,0.4,-3.5,0,1733569288415,,,47,,1733568480000,0,1,0,-0.1,0.00000000000000015191082150305532,0,
,,0,2024-12-07T00:00:00Z,2024-12-07T23:59:00Z,2024-12-07T11:01:00Z,device_total_measurements,west,VC6M6019,,,,,,,,1733569288517,100,37.288166,,1,,,,,,,,126.828954
,,0,2024-12-07T00:00:00Z,2024-12-07T23:59:00Z,2024-12-07T11:08:00Z,device_total_measurements,west,VC6M6019,,,,,,,,1733569717775,100,37.288166,,1,,,,,,,,126.828954
,,0,2024-12-07T00:00:00Z,2024-12-07T23:59:00Z,2024-12-07T11:08:49Z,device_total_measurements,west,VC6M6019,1.5,-86.9,0,-1,0.3,-3,0,1733569717744,,,47,,1733569260000,0,1,0,-0.1,0.00000000000000015393883379673563,0,
,,0,2024-12-07T00:00:00Z,2024-12-07T23:59:00Z,2024-12-07T11:18:49Z,device_total_measurements,west,VC6M6019,1.2,-86.2,0,-1,0.5,-3.7,0,1733570491097,,,47,,1733569680000,0,1,0,-0.1,0.00000000000000014793030640529246,0,
,,0,2024-12-07T00:00:00Z,2024-12-07T23:59:00Z,2024-12-07T11:21:00Z,device_total_measurements,west,VC6M6019,,,,,,,,1733570491212,100,37.288166,,1,,,,,,,,126.828954
,,0,2024-12-07T00:00:00Z,2024-12-07T23:59:00Z,2024-12-07T11:28:00Z,device_total_measurements,west,VC6M6019,,,,,,,,1733570980741,100,37.288166,,1,,,,,,,,126.828954
,,0,2024-12-07T00:00:00Z,2024-12-07T23:59:00Z,2024-12-07T11:28:49Z,device_total_measurements,west,VC6M6019,1.3,-86.1,0,-1,0.5,-3.8,0,1733570980694,,,47,,1733570460000,0,1,0,-0.1,0.00000000000000014990807778646621,0,
,,0,2024-12-07T00:00:00Z,2024-12-07T23:59:00Z,2024-12-07T11:38:49Z,device_total_measurements,west,VC6M6019,1,-86.9,0,-1,0.5,-3.1,0,1733571687859,,,47,,1733570880000,0,1,0,-0.1,0.00000000000000014404851188638986,0,
,,0,2024-12-07T00:00:00Z,2024-12-07T23:59:00Z,2024-12-07T11:41:00Z,device_total_measurements,west,VC6M6019,,,,,,,,1733571687836,100,37.288166,,1,,,,,,,,126.828954
,,0,2024-12-07T00:00:00Z,2024-12-07T23:59:00Z,2024-12-07T11:48:00Z,device_total_measurements,west,VC6M6019,,,,,,,,1733572120406,100,37.288166,,1,,,,,,,,126.828954
,,0,2024-12-07T00:00:00Z,2024-12-07T23:59:00Z,2024-12-07T11:48:49Z,device_total_measurements,west,VC6M6019,1.1,-86.7,0,-1,0.5,-3.3,0,1733572120373,,,47,,1733571660000,0,1,0,-0.2,0.0000000000000001459772143652455,0,
,,0,2024-12-07T00:00:00Z,2024-12-07T23:59:00Z,2024-12-07T11:58:49Z,device_total_measurements,west,VC6M6019,0.8,-86.5,0,-1,0.5,-3.5,0,1733572889395,,,47,,1733572080000,0,1,0,-0.1,0.0000000000000001402631323683437,0,
,,0,2024-12-07T00:00:00Z,2024-12-07T23:59:00Z,2024-12-07T12:01:00Z,device_total_measurements,west,VC6M6019,,,,,,,,1733572889390,100,37.288166,,1,,,,,,,,126.828954
,,0,2024-12-07T00:00:00Z,2024-12-07T23:59:00Z,2024-12-07T12:08:00Z,device_total_measurements,west,VC6M6019,,,,,,,,1733573320416,100,37.288166,,1,,,,,,,,126.828954
,,0,2024-12-07T00:00:00Z,2024-12-07T23:59:00Z,2024-12-07T12:08:49Z,device_total_measurements,west,VC6M6019,0.9,-86.7,0,-1,0.5,-3.3,0,1733573319379,,,47,,1733572860000,0,1,0,-0.2,0.00000000000000014214391237043942,0,
,,0,2024-12-07T00:00:00Z,2024-12-07T23:59:00Z,2024-12-07T12:18:49Z,device_total_measurements,west,VC6M6019,0.7,-86.5,0,-1,0.5,-3.5,0,1733574087272,,,48,,1733573280000,0,1,0,-0.1,0.00000000000000013840589154818157,0,
,,0,2024-12-07T00:00:00Z,2024-12-07T23:59:00Z,2024-12-07T12:21:00Z,device_total_measurements,west,VC6M6019,,,,,,,,1733574087262,100,37.288166,,1,,,,,,,,126.828954
,,0,2024-12-07T00:00:00Z,2024-12-07T23:59:00Z,2024-12-07T12:28:00Z,device_total_measurements,west,VC6M6019,,,,,,,,1733574520755,100,37.288166,,1,,,,,,,,126.828954
,,0,2024-12-07T00:00:00Z,2024-12-07T23:59:00Z,2024-12-07T12:28:49Z,device_total_measurements,west,VC6M6019,0.7,-86.9,0,-1,0.4,-3,0,1733574520766,,,47,,1733574060000,0,1,0,-0.1,0.00000000000000013840589154818157,0,
,,0,2024-12-07T00:00:00Z,2024-12-07T23:59:00Z,2024-12-07T12:38:49Z,device_total_measurements,west,VC6M6019,0.5,-86.8,0,-1,0.5,-3.2,0,1733575289452,,,48,,1733574480000,0,1,0,-0.1,0.00000000000000013476092152110926,0,
,,0,2024-12-07T00:00:00Z,2024-12-07T23:59:00Z,2024-12-07T12:41:00Z,device_total_measurements,west,VC6M6019,,,,,,,,1733575289447,100,37.288166,,1,,,,,,,,126.828954
,,0,2024-12-07T00:00:00Z,2024-12-07T23:59:00Z,2024-12-07T12:48:00Z,device_total_measurements,west,VC6M6019,,,,,,,,1733575719803,100,37.288166,,1,,,,,,,,126.828954
,,0,2024-12-07T00:00:00Z,2024-12-07T23:59:00Z,2024-12-07T12:48:49Z,device_total_measurements,west,VC6M6019,0.6,-86.6,0,-1,0.5,-3.4,0,1733575719735,,,47,,1733575260000,0,1,0,-0.1,0.00000000000000013657191266336256,0,
,,0,2024-12-07T00:00:00Z,2024-12-07T23:59:00Z,2024-12-07T12:58:49Z,device_total_measurements,west,VC6M6019,0.3,-86.8,0,-1,0.4,-3.2,0,1733576491770,,,48,,1733575680000,0,1,0,-0.1,0.0000000000000001312068207753408,0,
,,0,2024-12-07T00:00:00Z,2024-12-07T23:59:00Z,2024-12-07T13:01:00Z,device_total_measurements,west,VC6M6019,,,,,,,,1733576491769,100,37.288166,,1,,,,,,,,126.828954
,,0,2024-12-07T00:00:00Z,2024-12-07T23:59:00Z,2024-12-07T13:08:00Z,device_total_measurements,west,VC6M6019,,,,,,,,1733576920204,100,37.288166,,1,,,,,,,,126.828954
,,0,2024-12-07T00:00:00Z,2024-12-07T23:59:00Z,2024-12-07T13:08:49Z,device_total_measurements,west,VC6M6019,0.4,-86.6,0,-1,0.5,-3.4,0,1733576919072,,,47,,1733576460000,0,1,0,-0.1,0.00000000000000013297264695126072,0,
,,0,2024-12-07T00:00:00Z,2024-12-07T23:59:00Z,2024-12-07T13:18:49Z,device_total_measurements,west,VC6M6019,0.1,-86.2,0,-1,0.4,-3.7,0,1733577688631,,,48,,1733576880000,0,1,0,-0.2,0.00000000000000012774145566636606,0,
,,0,2024-12-07T00:00:00Z,2024-12-07T23:59:00Z,2024-12-07T13:21:00Z,device_total_measurements,west,VC6M6019,,,,,,,,1733577688591,100,37.288166,,1,,,,,,,,126.828954
,,0,2024-12-07T00:00:00Z,2024-12-07T23:59:00Z,2024-12-07T13:28:00Z,device_total_measurements,west,VC6M6019,,,,,,,,1733578121062,100,37.288166,,1,,,,,,,,126.828954
,,0,2024-12-07T00:00:00Z,2024-12-07T23:59:00Z,2024-12-07T13:28:49Z,device_total_measurements,west,VC6M6019,0.1,-86.6,0,-1,0.5,-3.4,0,1733578121068,,,48,,1733577660000,0,1,0,-0.1,0.00000000000000012774145566636606,0,
,,0,2024-12-07T00:00:00Z,2024-12-07T23:59:00Z,2024-12-07T13:38:49Z,device_total_measurements,west,VC6M6019,0,-86.3,0,-1,0.5,-3.6,0,1733579325081,,,48,,1733578080000,0,1,0,-0.1,0.00000000000000012604139506060265,0,
,,0,2024-12-07T00:00:00Z,2024-12-07T23:59:00Z,2024-12-07T13:41:00Z,device_total_measurements,west,VC6M6019,,,,,,,,1733579325053,100,37.288166,,1,,,,,,,,126.828954
,,0,2024-12-07T00:00:00Z,2024-12-07T23:59:00Z,2024-12-07T13:48:00Z,device_total_measurements,west,VC6M6019,,,,,,,,1733579325053,100,37.288166,,1,,,,,,,,126.828954
,,0,2024-12-07T00:00:00Z,2024-12-07T23:59:00Z,2024-12-07T13:48:49Z,device_total_measurements,west,VC6M6019,0.4,-85.9,0,-1,0.4,-4.1,0,1733579325081,,,47,,1733578860000,0,1,0,-0.1,0.00000000000000013297264695126072,0,
,,0,2024-12-07T00:00:00Z,2024-12-07T23:59:00Z,2024-12-07T13:58:49Z,device_total_measurements,west,VC6M6019,0,-86.2,0,-1,0.4,-3.7,0,1733580088824,,,48,,1733579280000,0,1,0,-0.1,0.00000000000000012604139506060265,0,
,,0,2024-12-07T00:00:00Z,2024-12-07T23:59:00Z,2024-12-07T14:01:00Z,device_total_measurements,west,VC6M6019,,,,,,,,1733580089819,100,37.292079,,1,,,,,,,,126.835119
,,0,2024-12-07T00:00:00Z,2024-12-07T23:59:00Z,2024-12-07T14:08:00Z,device_total_measurements,west,VC6M6019,,,,,,,,1733580519317,100,37.292079,,1,,,,,,,,126.835119
,,0,2024-12-07T00:00:00Z,2024-12-07T23:59:00Z,2024-12-07T14:08:49Z,device_total_measurements,west,VC6M6019,0,-86.5,0,-1,0.5,-3.5,0,1733580519362,,,47,,1733580060000,0,1,0,-0.2,0.00000000000000012604139506060265,0,
,,0,2024-12-07T00:00:00Z,2024-12-07T23:59:00Z,2024-12-07T14:18:49Z,device_total_measurements,west,VC6M6019,-0.4,-86.6,0,-1,0.3,-3.4,0,1733581287319,,,48,,1733580480000,0,1,0,-0.1,0.00000000000000011945267981931657,0,
,,0,2024-12-07T00:00:00Z,2024-12-07T23:59:00Z,2024-12-07T14:21:00Z,device_total_measurements,west,VC6M6019,,,,,,,,1733581287275,100,37.2894,,1,,,,,,,,126.828599
,,0,2024-12-07T00:00:00Z,2024-12-07T23:59:00Z,2024-12-07T14:28:00Z,device_total_measurements,west,VC6M6019,,,,,,,,1733581725776,100,37.292079,,1,,,,,,,,126.835119
,,0,2024-12-07T00:00:00Z,2024-12-07T23:59:00Z,2024-12-07T14:28:49Z,device_total_measurements,west,VC6M6019,-0.3,-86.3,0,-1,0.5,-3.6,0,1733581725621,,,48,,1733581260000,0,1,0,-0.1,0.00000000000000012106863129277168,0,
,,0,2024-12-07T00:00:00Z,2024-12-07T23:59:00Z,2024-12-07T14:38:49Z,device_total_measurements,west,VC6M6019,-0.6,-86.7,0,-1,0.5,-3.3,0,1733582489838,,,48,,1733581680000,0,1,0,-0.1,0.00000000000000011628175542954223,0,
,,0,2024-12-07T00:00:00Z,2024-12-07T23:59:00Z,2024-12-07T14:41:00Z,device_total_measurements,west,VC6M6019,,,,,,,,1733582489888,100,37.288166,,1,,,,,,,,126.828954
,,0,2024-12-07T00:00:00Z,2024-12-07T23:59:00Z,2024-12-07T14:48:00Z,device_total_measurements,west,VC6M6019,,,,,,,,1733582920685,100,37.288166,,1,,,,,,,,126.828954
,,0,2024-12-07T00:00:00Z,2024-12-07T23:59:00Z,2024-12-07T14:48:49Z,device_total_measurements,west,VC6M6019,-0.5,-86.8,0,-1,0.4,-3.2,0,1733582920632,,,48,,1733582460000,0,1,0,-0.1,0.00000000000000011785713539739196,0,
,,0,2024-12-07T00:00:00Z,2024-12-07T23:59:00Z,2024-12-07T14:58:49Z,device_total_measurements,west,VC6M6019,-0.7,-86.6,0,-1,0.5,-3.4,0,1733583688476,,,48,,1733582880000,0,1,0,-0.1,0.00000000000000011472630001639486,0,
,,0,2024-12-07T00:00:00Z,2024-12-07T23:59:00Z,2024-12-07T15:01:00Z,device_total_measurements,west,VC6M6019,,,,,,,,1733583688462,100,37.292079,,1,,,,,,,,126.835119
,,0,2024-12-07T00:00:00Z,2024-12-07T23:59:00Z,2024-12-07T15:08:00Z,device_total_measurements,west,VC6M6019,,,,,,,,1733584121803,100,37.288166,,1,,,,,,,,126.828954
,,0,2024-12-07T00:00:00Z,2024-12-07T23:59:00Z,2024-12-07T15:08:49Z,device_total_measurements,west,VC6M6019,-0.5,-86.4,0,-1,0.5,-3.5,0,1733584121842,,,48,,1733583660000,0,1,0,-0.1,0.00000000000000011785713539739196,0,
,,0,2024-12-07T00:00:00Z,2024-12-07T23:59:00Z,2024-12-07T15:18:49Z,device_total_measurements,west,VC6M6019,-0.8,-86.6,0,-1,0.4,-3.4,0,1733584889869,,,48,,1733584080000,0,1,0,-0.1,0.00000000000000011319053192880243,0,
,,0,2024-12-07T00:00:00Z,2024-12-07T23:59:00Z,2024-12-07T15:21:00Z,device_total_measurements,west,VC6M6019,,,,,,,,1733584889939,100,37.288166,,1,,,,,,,,126.828954
,,0,2024-12-07T00:00:00Z,2024-12-07T23:59:00Z,2024-12-07T15:28:00Z,device_total_measurements,west,VC6M6019,,,,,,,,1733585320496,100,37.288166,,1,,,,,,,,126.828954
,,0,2024-12-07T00:00:00Z,2024-12-07T23:59:00Z,2024-12-07T15:28:49Z,device_total_measurements,west,VC6M6019,-0.6,-86.5,0,-1,0.5,-3.5,0,1733585320400,,,48,,1733584860000,0,1,0,-0.1,0.00000000000000011628175542954223,0,
,,0,2024-12-07T00:00:00Z,2024-12-07T23:59:00Z,2024-12-07T15:38:49Z,device_total_measurements,west,VC6M6019,-0.9,-86,0,-1,0.5,-4,0,1733586089674,,,48,,1733585280000,0,1,0,-0.1,0.00000000000000011167421658025702,0,
,,0,2024-12-07T00:00:00Z,2024-12-07T23:59:00Z,2024-12-07T15:41:00Z,device_total_measurements,west,VC6M6019,,,,,,,,1733586089665,100,37.288166,,1,,,,,,,,126.828954
,,0,2024-12-07T00:00:00Z,2024-12-07T23:59:00Z,2024-12-07T15:48:00Z,device_total_measurements,west,VC6M6019,,,,,,,,1733586520414,100,37.288166,,1,,,,,,,,126.828954
,,0,2024-12-07T00:00:00Z,2024-12-07T23:59:00Z,2024-12-07T15:48:49Z,device_total_measurements,west,VC6M6019,-0.7,-86.3,0,-1,0.4,-3.7,0,1733586520381,,,48,,1733586060000,0,1,0,-0.1,0.00000000000000011472630001639486,0,
,,0,2024-12-07T00:00:00Z,2024-12-07T23:59:00Z,2024-12-07T15:58:49Z,device_total_measurements,west,VC6M6019,-0.9,-86,0,-1,0.5,-4,0,1733587289239,,,48,,1733586480000,0,1,0,-0.1,0.00000000000000011167421658025702,0,
,,0,2024-12-07T00:00:00Z,2024-12-07T23:59:00Z,2024-12-07T16:01:00Z,device_total_measurements,west,VC6M6019,,,,,,,,1733587289256,100,37.288166,,1,,,,,,,,126.828954
,,0,2024-12-07T00:00:00Z,2024-12-07T23:59:00Z,2024-12-07T16:08:00Z,device_total_measurements,west,VC6M6019,,,,,,,,1733587727983,100,37.288166,,1,,,,,,,,126.828954
,,0,2024-12-07T00:00:00Z,2024-12-07T23:59:00Z,2024-12-07T16:08:49Z,device_total_measurements,west,VC6M6019,-0.8,-86.6,0,-1,0.4,-3.4,0,1733587728000,,,48,,1733587260000,0,1,0,-0.1,0.00000000000000011319053192880243,0,
,,0,2024-12-07T00:00:00Z,2024-12-07T23:59:00Z,2024-12-07T16:18:49Z,device_total_measurements,west,VC6M6019,-1,-86.3,0,-1,0.5,-3.6,0,1733588471919,,,48,,1733587680000,0,1,0,-0.1,0.0000000000000001101771219995543,0,
,,0,2024-12-07T00:00:00Z,2024-12-07T23:59:00Z,2024-12-07T16:21:00Z,device_total_measurements,west,VC6M6019,,,,,,,,1733588471920,100,37.2859947,,3,,,,,,,,126.8342583
,,0,2024-12-07T00:00:00Z,2024-12-07T23:59:00Z,2024-12-07T16:28:49Z,device_total_measurements,west,VC6M6019,-1,-86.7,0,-1,0.4,-3.3,0,1733588991312,,,48,,1733588460000,0,1,0,-0.1,0.0000000000000001101771219995543,0,
,,0,2024-12-07T00:00:00Z,2024-12-07T23:59:00Z,2024-12-07T16:30:00Z,device_total_measurements,west,VC6M6019,,,,,,,,1733588991301,100,37.2859947,,3,,,,,,,,126.8342583
,,0,2024-12-07T00:00:00Z,2024-12-07T23:59:00Z,2024-12-07T16:38:49Z,device_total_measurements,west,VC6M6019,-1.1,-86.4,0,-1,0.5,-3.5,0,1733589591321,,,48,,1733589000000,0,1,0,-0.1,0.00000000000000010869901880372893,0,
,,0,2024-12-07T00:00:00Z,2024-12-07T23:59:00Z,2024-12-07T16:40:00Z,device_total_measurements,west,VC6M6019,,,,,,,,1733589591353,100,37.2894,,1,,,,,,,,126.828599
,,0,2024-12-07T00:00:00Z,2024-12-07T23:59:00Z,2024-12-07T16:48:49Z,device_total_measurements,west,VC6M6019,-1.1,-86.1,0,-1,0.5,-3.9,0,1733590190736,,,48,,1733589600000,0,1,0,-0.1,0.00000000000000010869901880372893,0,
,,0,2024-12-07T00:00:00Z,2024-12-07T23:59:00Z,2024-12-07T16:50:00Z,device_total_measurements,west,VC6M6019,,,,,,,,1733590190551,100,37.2894,,1,,,,,,,,126.828599
,,0,2024-12-07T00:00:00Z,2024-12-07T23:59:00Z,2024-12-07T16:58:49Z,device_total_measurements,west,VC6M6019,-1.1,-86.5,0,-1,0.4,-3.5,0,1733590901030,,,48,,1733590200000,0,1,0,-0.2,0.00000000000000010869901880372893,0,
,,0,2024-12-07T00:00:00Z,2024-12-07T23:59:00Z,2024-12-07T17:01:00Z,device_total_measurements,west,VC6M6019,,,,,,,,1733590901119,100,37.2894,,1,,,,,,,,126.828599
,,0,2024-12-07T00:00:00Z,2024-12-07T23:59:00Z,2024-12-07T17:08:00Z,device_total_measurements,west,VC6M6019,,,,,,,,1733591320987,100,37.2894,,1,,,,,,,,126.828599
,,0,2024-12-07T00:00:00Z,2024-12-07T23:59:00Z,2024-12-07T17:08:49Z,device_total_measurements,west,VC6M6019,-1,-86.8,0,-1,0.5,-3.2,0,1733591320986,,,48,,1733590860000,0,1,0,-0.1,0.0000000000000001101771219995543,0,
,,0,2024-12-07T00:00:00Z,2024-12-07T23:59:00Z,2024-12-07T17:18:49Z,device_total_measurements,west,VC6M6019,-1.3,-86.3,0,-1,0.4,-3.7,0,1733592091234,,,48,,1733591280000,0,1,0,-0.1,0.00000000000000010579888181541658,0,
,,0,2024-12-07T00:00:00Z,2024-12-07T23:59:00Z,2024-12-07T17:21:00Z,device_total_measurements,west,VC6M6019,,,,,,,,1733592092212,100,37.2894,,1,,,,,,,,126.828599
,,0,2024-12-07T00:00:00Z,2024-12-07T23:59:00Z,2024-12-07T17:28:00Z,device_total_measurements,west,VC6M6019,,,,,,,,1733592521983,100,37.2894,,1,,,,,,,,126.828599
,,0,2024-12-07T00:00:00Z,2024-12-07T23:59:00Z,2024-12-07T17:28:49Z,device_total_measurements,west,VC6M6019,-1.2,-86.8,0,-1,0.5,-3.2,0,1733592522019,,,48,,1733592060000,0,1,0,-0.1,0.00000000000000010723968017124092,0,
,,0,2024-12-07T00:00:00Z,2024-12-07T23:59:00Z,2024-12-07T17:38:49Z,device_total_measurements,west,VC6M6019,-1.4,-86.3,0,-1,0.5,-3.6,0,1733593289575,,,48,,1733592480000,0,1,0,-0.1,0.00000000000000010437640195814956,0,
,,0,2024-12-07T00:00:00Z,2024-12-07T23:59:00Z,2024-12-07T17:41:00Z,device_total_measurements,west,VC6M6019,,,,,,,,1733593289613,100,37.2894,,1,,,,,,,,126.828599
,,0,2024-12-07T00:00:00Z,2024-12-07T23:59:00Z,2024-12-07T17:48:00Z,device_total_measurements,west,VC6M6019,,,,,,,,1733593722075,100,37.2894,,1,,,,,,,,126.828599
,,0,2024-12-07T00:00:00Z,2024-12-07T23:59:00Z,2024-12-07T17:48:49Z,device_total_measurements,west,VC6M6019,-1.3,-86.2,0,-1,0.4,-3.8,0,1733593722119,,,48,,1733593260000,0,1,0,-0.1,0.00000000000000010579888181541658,0,
,,0,2024-12-07T00:00:00Z,2024-12-07T23:59:00Z,2024-12-07T17:58:49Z,device_total_measurements,west,VC6M6019,-1.5,-86.1,0,-1,0.5,-3.9,0,1733594489281,,,48,,1733593680000,0,1,0,-0.1,0.00000000000000010297202130384071,0,
,,0,2024-12-07T00:00:00Z,2024-12-07T23:59:00Z,2024-12-07T18:01:00Z,device_total_measurements,west,VC6M6019,,,,,,,,1733594489311,100,37.2894,,1,,,,,,,,126.828599
,,0,2024-12-07T00:00:00Z,2024-12-07T23:59:00Z,2024-12-07T18:08:00Z,device_total_measurements,west,VC6M6019,,,,,,,,1733594921818,100,37.2894,,1,,,,,,,,126.828599
,,0,2024-12-07T00:00:00Z,2024-12-07T23:59:00Z,2024-12-07T18:08:49Z,device_total_measurements,west,VC6M6019,-1.4,-86.3,0,-1,0.5,-3.6,0,1733594920828,,,48,,1733594460000,0,1,0,-0.1,0.00000000000000010437640195814956,0,
,,0,2024-12-07T00:00:00Z,2024-12-07T23:59:00Z,2024-12-07T18:18:49Z,device_total_measurements,west,VC6M6019,-1.6,-86.7,0,-1,0.5,-3.3,0,1733595690628,,,48,,1733594880000,0,1,0,-0.1,0.00000000000000010158552301360238,0,
,,0,2024-12-07T00:00:00Z,2024-12-07T23:59:00Z,2024-12-07T18:21:00Z,device_total_measurements,west,VC6M6019,,,,,,,,1733595690756,100,37.2894,,1,,,,,,,,126.828599
,,0,2024-12-07T00:00:00Z,2024-12-07T23:59:00Z,2024-12-07T18:28:00Z,device_total_measurements,west,VC6M6019,,,,,,,,1733596123078,100,37.2894,,1,,,,,,,,126.828599
,,0,2024-12-07T00:00:00Z,2024-12-07T23:59:00Z,2024-12-07T18:28:49Z,device_total_measurements,west,VC6M6019,-1.4,-86.5,0,-1,0.5,-3.5,0,1733596123094,,,48,,1733595660000,0,1,0,-0.1,0.00000000000000010437640195814956,0,
,,0,2024-12-07T00:00:00Z,2024-12-07T23:59:00Z,2024-12-07T18:38:49Z,device_total_measurements,west,VC6M6019,-1.6,-86.2,0,-1,0.5,-3.7,0,1733596995734,,,48,,1733596080000,0,1,0,-0.2,0.00000000000000010158552301360238,0,
,,0,2024-12-07T00:00:00Z,2024-12-07T23:59:00Z,2024-12-07T18:41:00Z,device_total_measurements,west,VC6M6019,,,,,,,,1733596995605,100,37.2894,,1,,,,,,,,126.828599
,,0,2024-12-07T00:00:00Z,2024-12-07T23:59:00Z,2024-12-07T18:48:00Z,device_total_measurements,west,VC6M6019,,,,,,,,1733597323057,100,37.2894,,1,,,,,,,,126.828599
,,0,2024-12-07T00:00:00Z,2024-12-07T23:59:00Z,2024-12-07T18:48:49Z,device_total_measurements,west,VC6M6019,-1.5,-86.3,0,-1,0.5,-3.6,0,1733597323078,,,48,,1733596860000,0,1,0,-0.1,0.00000000000000010297202130384071,0,
,,0,2024-12-07T00:00:00Z,2024-12-07T23:59:00Z,2024-12-07T18:58:49Z,device_total_measurements,west,VC6M6019,-1.7,-86.2,0,-1,0.5,-3.7,0,1733598099377,,,48,,1733597280000,0,1,0,-0.1,0.00000000000000010021669267969879,0,
,,0,2024-12-07T00:00:00Z,2024-12-07T23:59:00Z,2024-12-07T19:01:00Z,device_total_measurements,west,VC6M6019,,,,,,,,1733598099386,100,37.292079,,1,,,,,,,,126.835119
,,0,2024-12-07T00:00:00Z,2024-12-07T23:59:00Z,2024-12-07T19:08:00Z,device_total_measurements,west,VC6M6019,,,,,,,,1733598524244,100,37.288166,,1,,,,,,,,126.828954
,,0,2024-12-07T00:00:00Z,2024-12-07T23:59:00Z,2024-12-07T19:08:49Z,device_total_measurements,west,VC6M6019,-1.6,-86.6,0,-1,0.4,-3.4,0,1733598524242,,,48,,1733598060000,0,1,0,-0.1,0.00000000000000010158552301360238,0,
,,0,2024-12-07T00:00:00Z,2024-12-07T23:59:00Z,2024-12-07T19:18:49Z,device_total_measurements,west,VC6M6019,-1.8,-86.4,0,-1,0.5,-3.5,0,1733599293269,,,48,,1733598480000,0,1,0,-0.1,0.00000000000000009886531830022457,0,
,,0,2024-12-07T00:00:00Z,2024-12-07T23:59:00Z,2024-12-07T19:21:00Z,device_total_measurements,west,VC6M6019,,,,,,,,1733599293259,100,37.288166,,1,,,,,,,,126.828954
,,0,2024-12-07T00:00:00Z,2024-12-07T23:59:00Z,2024-12-07T19:28:00Z,device_total_measurements,west,VC6M6019,,,,,,,,1733599721740,100,37.288166,,1,,,,,,,,126.828954
,,0,2024-12-07T00:00:00Z,2024-12-07T23:59:00Z,2024-12-07T19:28:49Z,device_total_measurements,west,VC6M6019,-1.7,-86.6,0,-1,0.4,-3.4,0,1733599721747,,,48,,1733599260000,0,1,0,-0.2,0.00000000000000010021669267969879,0,
,,0,2024-12-07T00:00:00Z,2024-12-07T23:59:00Z,2024-12-07T19:38:49Z,device_total_measurements,west,VC6M6019,-1.9,-86.6,0,-1,0.5,-3.4,0,1733600680825,,,48,,1733599680000,0,1,0,-0.1,0.00000000000000009753119025404793,0,
,,0,2024-12-07T00:00:00Z,2024-12-07T23:59:00Z,2024-12-07T19:41:00Z,device_total_measurements,west,VC6M6019,,,,,,,,1733600680822,100,37.288166,,1,,,,,,,,126.828954
,,0,2024-12-07T00:00:00Z,2024-12-07T23:59:00Z,2024-12-07T19:48:00Z,device_total_measurements,west,VC6M6019,,,,,,,,1733600925327,100,37.288166,,1,,,,,,,,126.828954
,,0,2024-12-07T00:00:00Z,2024-12-07T23:59:00Z,2024-12-07T19:48:49Z,device_total_measurements,west,VC6M6019,-1.8,-86.6,0,-1,0.4,-3.4,0,1733600925319,,,48,,1733600460000,0,1,0,-0.2,0.00000000000000009886531830022457,0,
,,0,2024-12-07T00:00:00Z,2024-12-07T23:59:00Z,2024-12-07T19:58:49Z,device_total_measurements,west,VC6M6019,-2,-86.4,0,-1,0.4,-3.6,0,1733601689624,,,48,,1733600880000,0,1,0,-0.2,0.00000000000000009621410127596762,0,
,,0,2024-12-07T00:00:00Z,2024-12-07T23:59:00Z,2024-12-07T20:01:00Z,device_total_measurements,west,VC6M6019,,,,,,,,1733601689616,100,37.288166,,1,,,,,,,,126.828954
,,0,2024-12-07T00:00:00Z,2024-12-07T23:59:00Z,2024-12-07T20:08:00Z,device_total_measurements,west,VC6M6019,,,,,,,,1733602122347,100,37.288166,,1,,,,,,,,126.828954
,,0,2024-12-07T00:00:00Z,2024-12-07T23:59:00Z,2024-12-07T20:08:49Z,device_total_measurements,west,VC6M6019,-1.9,-86.6,0,-1,0.4,-3.4,0,1733602122364,,,48,,1733601660000,0,1,0,-0.1,0.00000000000000009753119025404793,0,
,,0,2024-12-07T00:00:00Z,2024-12-07T23:59:00Z,2024-12-07T20:18:49Z,device_total_measurements,west,VC6M6019,-2.1,-86.7,0,-1,0.5,-3.3,0,1733602893233,,,48,,1733602080000,0,1,0,-0.2,0.00000000000000009491384643213196,0,
,,0,2024-12-07T00:00:00Z,2024-12-07T23:59:00Z,2024-12-07T20:21:00Z,device_total_measurements,west,VC6M6019,,,,,,,,1733602893229,100,37.292079,,1,,,,,,,,126.835119
,,0,2024-12-07T00:00:00Z,2024-12-07T23:59:00Z,2024-12-07T20:28:00Z,device_total_measurements,west,VC6M6019,,,,,,,,1733603321825,100,37.288166,,1,,,,,,,,126.828954
,,0,2024-12-07T00:00:00Z,2024-12-07T23:59:00Z,2024-12-07T20:28:49Z,device_total_measurements,west,VC6M6019,-2.1,-86.7,0,-1,0.4,-3.3,0,1733603321811,,,48,,1733602860000,0,1,0,-0.1,0.00000000000000009491384643213196,0,
,,0,2024-12-07T00:00:00Z,2024-12-07T23:59:00Z,2024-12-07T20:38:49Z,device_total_measurements,west,VC6M6019,-2.3,-86.4,0,-1,0.3,-3.6,0,1733604091836,,,48,,1733603280000,0,1,0,-0.1,0.0000000000000000923630309225859,0,
,,0,2024-12-07T00:00:00Z,2024-12-07T23:59:00Z,2024-12-07T20:41:00Z,device_total_measurements,west,VC6M6019,,,,,,,,1733604091845,100,37.288166,,1,,,,,,,,126.828954
,,0,2024-12-07T00:00:00Z,2024-12-07T23:59:00Z,2024-12-07T20:48:00Z,device_total_measurements,west,VC6M6019,,,,,,,,1733604526196,100,37.288166,,1,,,,,,,,126.828954
,,0,2024-12-07T00:00:00Z,2024-12-07T23:59:00Z,2024-12-07T20:48:49Z,device_total_measurements,west,VC6M6019,-2.2,-86.6,0,-1,0.5,-3.4,0,1733604526205,,,48,,1733604060000,0,1,0,-0.1,0.00000000000000009363022309567177,0,
,,0,2024-12-07T00:00:00Z,2024-12-07T23:59:00Z,2024-12-07T20:58:49Z,device_total_measurements,west,VC6M6019,-2.4,-86.2,0,-1,0.5,-3.7,0,1733605293459,,,49,,1733604480000,0,1,0,-0.1,0.00000000000000009111207182784843,0,
,,0,2024-12-07T00:00:00Z,2024-12-07T23:59:00Z,2024-12-07T21:01:00Z,device_total_measurements,west,VC6M6019,,,,,,,,1733605293457,100,37.288166,,1,,,,,,,,126.828954
,,0,2024-12-07T00:00:00Z,2024-12-07T23:59:00Z,2024-12-07T21:08:00Z,device_total_measurements,west,VC6M6019,,,,,,,,1733605723945,100,37.288166,,1,,,,,,,,126.828954
,,0,2024-12-07T00:00:00Z,2024-12-07T23:59:00Z,2024-12-07T21:08:49Z,device_total_measurements,west,VC6M6019,-2.3,-85.8,0,-1,0.4,-4.2,0,1733605723883,,,48,,1733605260000,0,1,0,-0.1,0.0000000000000000923630309225859,0,
,,0,2024-12-07T00:00:00Z,2024-12-07T23:59:00Z,2024-12-07T21:18:49Z,device_total_measurements,west,VC6M6019,-2.5,-86.2,0,-1,0.4,-3.7,0,1733606656228,,,49,,1733605680000,0,1,0,-0.1,0.00000000000000008987714996174854,0,
,,0,2024-12-07T00:00:00Z,2024-12-07T23:59:00Z,2024-12-07T21:21:00Z,device_total_measurements,west,VC6M6019,,,,,,,,1733606656897,100,37.288166,,1,,,,,,,,126.828954
,,0,2024-12-07T00:00:00Z,2024-12-07T23:59:00Z,2024-12-07T21:28:00Z,device_total_measurements,west,VC6M6019,,,,,,,,1733606924122,100,37.288166,,1,,,,,,,,126.828954
,,0,2024-12-07T00:00:00Z,2024-12-07T23:59:00Z,2024-12-07T21:28:49Z,device_total_measurements,west,VC6M6019,-2.3,-86,0,-1,0.5,-4,0,1733606924124,,,48,,1733606460000,0,1,0,-0.1,0.0000000000000000923630309225859,0,
,,0,2024-12-07T00:00:00Z,2024-12-07T23:59:00Z,2024-12-07T21:38:49Z,device_total_measurements,west,VC6M6019,-2.5,-86,0,-1,0.4,-4,0,1733607692898,,,49,,1733606880000,0,1,0,-0.1,0.00000000000000008987714996174854,0,
,,0,2024-12-07T00:00:00Z,2024-12-07T23:59:00Z,2024-12-07T21:41:00Z,device_total_measurements,west,VC6M6019,,,,,,,,1733607692893,100,37.288166,,1,,,,,,,,126.828954
,,0,2024-12-07T00:00:00Z,2024-12-07T23:59:00Z,2024-12-07T21:48:00Z,device_total_measurements,west,VC6M6019,,,,,,,,1733608123445,100,37.288166,,1,,,,,,,,126.828954
,,0,2024-12-07T00:00:00Z,2024-12-07T23:59:00Z,2024-12-07T21:48:49Z,device_total_measurements,west,VC6M6019,-2.4,-86.1,0,-1,0.4,-3.8,0,1733608123434,,,48,,1733607660000,0,1,0,-0.1,0.00000000000000009111207182784843,0,
,,0,2024-12-07T00:00:00Z,2024-12-07T23:59:00Z,2024-12-07T21:58:49Z,device_total_measurements,west,VC6M6019,-2.6,-86.1,0,-1,0.4,-3.8,0,1733608892661,,,49,,1733608080000,0,1,0,-0.1,0.00000000000000008865807168645519,0,
,,0,2024-12-07T00:00:00Z,2024-12-07T23:59:00Z,2024-12-07T22:01:00Z,device_total_measurements,west,VC6M6019,,,,,,,,1733608892662,100,37.288166,,1,,,,,,,,126.828954
,,0,2024-12-07T00:00:00Z,2024-12-07T23:59:00Z,2024-12-07T22:08:00Z,device_total_measurements,west,VC6M6019,,,,,,,,1733609342199,100,37.288166,,1,,,,,,,,126.828954
,,0,2024-12-07T00:00:00Z,2024-12-07T23:59:00Z,2024-12-07T22:08:49Z,device_total_measurements,west,VC6M6019,-2.4,-86.7,0,-1,0.4,-3.3,0,1733609342182,,,48,,1733608860000,0,1,0,-0.1,0.00000000000000009111207182784843,0,
,,0,2024-12-07T00:00:00Z,2024-12-07T23:59:00Z,2024-12-07T22:18:49Z,device_total_measurements,west,VC6M6019,-2.6,-85.4,0,-1,0.4,-4.5,0,1733610091548,,,49,,1733609280000,0,1,0,-0.1,0.00000000000000008865807168645519,0,
,,0,2024-12-07T00:00:00Z,2024-12-07T23:59:00Z,2024-12-07T22:21:00Z,device_total_measurements,west,VC6M6019,,,,,,,,1733610091869,100,37.288166,,1,,,,,,,,126.828954
,,0,2024-12-07T00:00:00Z,2024-12-07T23:59:00Z,2024-12-07T22:28:00Z,device_total_measurements,west,VC6M6019,,,,,,,,1733610523124,100,37.288166,,1,,,,,,,,126.828954
,,0,2024-12-07T00:00:00Z,2024-12-07T23:59:00Z,2024-12-07T22:28:49Z,device_total_measurements,west,VC6M6019,-2.5,-86.1,0,-1,0.4,-3.8,0,1733610523128,,,48,,1733610060000,0,1,0,-0.1,0.00000000000000008987714996174854,0,
,,0,2024-12-07T00:00:00Z,2024-12-07T23:59:00Z,2024-12-07T22:38:49Z,device_total_measurements,west,VC6M6019,-2.7,-86,0,-1,0.5,-3.9,0,1733611292072,,,49,,1733610480000,0,1,0,-0.1,0.00000000000000008745464555281924,0,
,,0,2024-12-07T00:00:00Z,2024-12-07T23:59:00Z,2024-12-07T22:41:00Z,device_total_measurements,west,VC6M6019,,,,,,,,1733611292063,100,37.288166,,1,,,,,,,,126.828954
,,0,2024-12-07T00:00:00Z,2024-12-07T23:59:00Z,2024-12-07T22:48:00Z,device_total_measurements,west,VC6M6019,,,,,,,,1733611723625,100,37.288166,,1,,,,,,,,126.828954
,,0,2024-12-07T00:00:00Z,2024-12-07T23:59:00Z,2024-12-07T22:48:49Z,device_total_measurements,west,VC6M6019,-2.6,-86.3,0,-1,0.4,-3.7,0,1733611723626,,,48,,1733611260000,0,1,0,-0.1,0.00000000000000008865807168645519,0,
,,0,2024-12-07T00:00:00Z,2024-12-07T23:59:00Z,2024-12-07T22:58:49Z,device_total_measurements,west,VC6M6019,-2.7,-86.4,0,-1,0.4,-3.6,0,1733614727098,,,49,,1733611680000,0,1,0,-0.1,0.00000000000000008745464555281924,0,
,,0,2024-12-07T00:00:00Z,2024-12-07T23:59:00Z,2024-12-07T23:01:00Z,device_total_measurements,west,VC6M6019,,,,,,,,1733614727074,100,37.288166,,1,,,,,,,,126.828954
,,0,2024-12-07T00:00:00Z,2024-12-07T23:59:00Z,2024-12-07T23:08:00Z,device_total_measurements,west,VC6M6019,,,,,,,,1733614727074,100,37.288166,,1,,,,,,,,126.828954
,,0,2024-12-07T00:00:00Z,2024-12-07T23:59:00Z,2024-12-07T23:08:49Z,device_total_measurements,west,VC6M6019,-1.7,-86,0,-1,0.4,-4,0,1733614727098,,,47,,1733612460000,0,1,0,-0.2,0.00000000000000010021669267969879,0,
,,0,2024-12-07T00:00:00Z,2024-12-07T23:59:00Z,2024-12-07T23:18:49Z,device_total_measurements,west,VC6M6019,-1.4,-86.7,0,-1,0.4,-3.3,0,1733614727098,,,46,,1733612880000,0,1,0,-0.1,0.00000000000000010437640195814956,0,
,,0,2024-12-07T00:00:00Z,2024-12-07T23:59:00Z,2024-12-07T23:23:00Z,device_total_measurements,west,VC6M6019,,,,,,,,1733614727074,100,,,,,,,,,,,
,,0,2024-12-07T00:00:00Z,2024-12-07T23:59:00Z,2024-12-07T23:28:49Z,device_total_measurements,west,VC6M6019,-1.2,-86,0,-1,0.5,-4,0,1733614727098,,,46,,1733613780000,0,1,0,-0.1,0.00000000000000010723968017124092,0,
,,0,2024-12-07T00:00:00Z,2024-12-07T23:59:00Z,2024-12-07T23:31:00Z,device_total_measurements,west,VC6M6019,,,,,,,,1733614727074,100,,,,,,,,,,,
,,0,2024-12-07T00:00:00Z,2024-12-07T23:59:00Z,2024-12-07T23:38:00Z,device_total_measurements,west,VC6M6019,,,,,,,,1733614727074,100,37.288166,,1,,,,,,,,126.828954
,,0,2024-12-07T00:00:00Z,2024-12-07T23:59:00Z,2024-12-07T23:38:49Z,device_total_measurements,west,VC6M6019,-1.3,-86.1,0,-1,0.4,-3.8,0,1733614727098,,,46,,1733614260000,0,1,0,-0.1,0.00000000000000010579888181541658,0,
,,0,2024-12-07T00:00:00Z,2024-12-07T23:59:00Z,2024-12-07T23:48:49Z,device_total_measurements,west,VC6M6019,-1.6,-86.3,0,-1,0.5,-3.6,0,1733615492422,,,46,,1733614680000,0,1,0,-0.1,0.00000000000000010158552301360238,0,
,,0,2024-12-07T00:00:00Z,2024-12-07T23:59:00Z,2024-12-07T23:51:00Z,device_total_measurements,west,VC6M6019,,,,,,,,1733615493410,100,37.288166,,1,,,,,,,,126.828954
,,0,2024-12-07T00:00:00Z,2024-12-07T23:59:00Z,2024-12-07T23:58:00Z,device_total_measurements,west,VC6M6019,,,,,,,,1733615925951,100,37.288166,,1,,,,,,,,126.828954
,,0,2024-12-07T00:00:00Z,2024-12-07T23:59:00Z,2024-12-07T23:58:49Z,device_total_measurements,west,VC6M6019,-1.3,-86.1,0,-1,0.4,-3.8,0,1733615925945,,,46,,1733615460000,0,1,0,-0.1,0.00000000000000010579888181541658,0,

